-- phpMyAdmin SQL Dump
-- version 4.0.4.2
-- http://www.phpmyadmin.net
--
-- Host: localhost
-- Erstellungszeit: 02. Jan 2018 um 20:26
-- Server Version: 5.6.13
-- PHP-Version: 5.4.17

SET SQL_MODE = "NO_AUTO_VALUE_ON_ZERO";
SET time_zone = "+00:00";


/*!40101 SET @OLD_CHARACTER_SET_CLIENT=@@CHARACTER_SET_CLIENT */;
/*!40101 SET @OLD_CHARACTER_SET_RESULTS=@@CHARACTER_SET_RESULTS */;
/*!40101 SET @OLD_COLLATION_CONNECTION=@@COLLATION_CONNECTION */;
/*!40101 SET NAMES utf8 */;

--
-- Datenbank: `gamedata`
--
CREATE DATABASE IF NOT EXISTS `gamedata` DEFAULT CHARACTER SET latin1 COLLATE latin1_swedish_ci;
USE `gamedata`;

-- --------------------------------------------------------

--
-- Tabellenstruktur für Tabelle `license_rewards`
--

CREATE TABLE IF NOT EXISTS `license_rewards` (
  `Id` tinyint(3) unsigned NOT NULL DEFAULT '0',
  `ShopItemInfoId` int(11) NOT NULL,
  `ShopPriceId` int(11) NOT NULL,
  `Color` tinyint(3) unsigned NOT NULL DEFAULT '0',
  PRIMARY KEY (`Id`),
  KEY `ShopItemInfoId` (`ShopItemInfoId`),
  KEY `ShopPriceId` (`ShopPriceId`)
) ENGINE=InnoDB DEFAULT CHARSET=latin1;

-- --------------------------------------------------------

--
-- Tabellenstruktur für Tabelle `players`
--

CREATE TABLE IF NOT EXISTS `players` (
  `Id` int(11) NOT NULL,
  `TutorialState` tinyint(3) unsigned NOT NULL DEFAULT '0',
  `Level` tinyint(3) unsigned NOT NULL DEFAULT '0',
  `TotalExperience` int(11) NOT NULL DEFAULT '0',
  `PEN` int(11) NOT NULL DEFAULT '0',
  `AP` int(11) NOT NULL DEFAULT '0',
  `Coins1` int(11) NOT NULL DEFAULT '0',
  `Coins2` int(11) NOT NULL DEFAULT '0',
  `CurrentCharacterSlot` tinyint(3) unsigned NOT NULL DEFAULT '0',
  PRIMARY KEY (`Id`)
) ENGINE=InnoDB DEFAULT CHARSET=latin1;

--
-- Daten für Tabelle `players`
--

INSERT INTO `players` (`Id`, `TutorialState`, `Level`, `TotalExperience`, `PEN`, `AP`, `Coins1`, `Coins2`, `CurrentCharacterSlot`) VALUES
(3, 0, 24, 24, 1333333, 0, 0, 0, 0),
(4, 0, 24, 24, 1333337, 0, 0, 0, 0);

-- --------------------------------------------------------

--
-- Tabellenstruktur für Tabelle `player_characters`
--

CREATE TABLE IF NOT EXISTS `player_characters` (
  `Id` int(11) NOT NULL,
  `PlayerId` int(11) NOT NULL,
  `Slot` tinyint(3) unsigned NOT NULL DEFAULT '0',
  `Gender` tinyint(3) unsigned NOT NULL DEFAULT '0',
  `BasicHair` tinyint(3) unsigned NOT NULL DEFAULT '0',
  `BasicFace` tinyint(3) unsigned NOT NULL DEFAULT '0',
  `BasicShirt` tinyint(3) unsigned NOT NULL DEFAULT '0',
  `BasicPants` tinyint(3) unsigned NOT NULL DEFAULT '0',
  `Weapon1Id` int(11) DEFAULT NULL,
  `Weapon2Id` int(11) DEFAULT NULL,
  `Weapon3Id` int(11) DEFAULT NULL,
  `SkillId` int(11) DEFAULT NULL,
  `HairId` int(11) DEFAULT NULL,
  `FaceId` int(11) DEFAULT NULL,
  `ShirtId` int(11) DEFAULT NULL,
  `PantsId` int(11) DEFAULT NULL,
  `GlovesId` int(11) DEFAULT NULL,
  `ShoesId` int(11) DEFAULT NULL,
  `AccessoryId` int(11) DEFAULT NULL,
  PRIMARY KEY (`Id`),
  KEY `PlayerId` (`PlayerId`),
  KEY `Weapon1Id` (`Weapon1Id`),
  KEY `Weapon2Id` (`Weapon2Id`),
  KEY `Weapon3Id` (`Weapon3Id`),
  KEY `SkillId` (`SkillId`),
  KEY `HairId` (`HairId`),
  KEY `FaceId` (`FaceId`),
  KEY `ShirtId` (`ShirtId`),
  KEY `PantsId` (`PantsId`),
  KEY `GlovesId` (`GlovesId`),
  KEY `ShoesId` (`ShoesId`),
  KEY `AccessoryId` (`AccessoryId`)
) ENGINE=InnoDB DEFAULT CHARSET=latin1;

--
-- Daten für Tabelle `player_characters`
--

INSERT INTO `player_characters` (`Id`, `PlayerId`, `Slot`, `Gender`, `BasicHair`, `BasicFace`, `BasicShirt`, `BasicPants`, `Weapon1Id`, `Weapon2Id`, `Weapon3Id`, `SkillId`, `HairId`, `FaceId`, `ShirtId`, `PantsId`, `GlovesId`, `ShoesId`, `AccessoryId`) VALUES
(1, 3, 0, 1, 0, 0, 0, 0, NULL, 1, NULL, 3, NULL, NULL, NULL, NULL, NULL, NULL, NULL),
(2, 4, 0, 1, 0, 0, 0, 0, NULL, NULL, NULL, NULL, NULL, NULL, NULL, NULL, NULL, NULL, NULL);

-- --------------------------------------------------------

--
-- Tabellenstruktur für Tabelle `player_deny`
--

CREATE TABLE IF NOT EXISTS `player_deny` (
  `Id` int(11) NOT NULL,
  `PlayerId` int(11) NOT NULL,
  `DenyPlayerId` int(11) NOT NULL,
  PRIMARY KEY (`Id`),
  KEY `PlayerId` (`PlayerId`),
  KEY `DenyPlayerId` (`DenyPlayerId`)
) ENGINE=InnoDB DEFAULT CHARSET=latin1;

-- --------------------------------------------------------

--
-- Tabellenstruktur für Tabelle `player_items`
--

CREATE TABLE IF NOT EXISTS `player_items` (
  `Id` int(11) NOT NULL,
  `PlayerId` int(11) NOT NULL,
  `ShopItemInfoId` int(11) NOT NULL,
  `ShopPriceId` int(11) NOT NULL,
  `Effect` int(11) NOT NULL DEFAULT '0',
  `Color` tinyint(3) unsigned NOT NULL DEFAULT '0',
  `PurchaseDate` bigint(20) NOT NULL DEFAULT '0',
  `Durability` int(11) NOT NULL DEFAULT '0',
  `Count` int(11) NOT NULL DEFAULT '0',
  PRIMARY KEY (`Id`),
  KEY `PlayerId` (`PlayerId`),
  KEY `ShopItemInfoId` (`ShopItemInfoId`),
  KEY `ShopPriceId` (`ShopPriceId`)
) ENGINE=InnoDB DEFAULT CHARSET=latin1;

--
-- Daten für Tabelle `player_items`
--

INSERT INTO `player_items` (`Id`, `PlayerId`, `ShopItemInfoId`, `ShopPriceId`, `Effect`, `Color`, `PurchaseDate`, `Durability`, `Count`) VALUES
(1, 3, 2015, 1, 0, 0, 1514923133, 1000000, 0),
(2, 3, 2098, 1, 4001, 0, 1514923137, 1000000, 0),
(3, 3, 2108, 2, 0, 0, 1514924507, 1000000, 0);

-- --------------------------------------------------------

--
-- Tabellenstruktur für Tabelle `player_licenses`
--

CREATE TABLE IF NOT EXISTS `player_licenses` (
  `Id` int(11) NOT NULL,
  `PlayerId` int(11) NOT NULL,
  `License` tinyint(3) unsigned NOT NULL DEFAULT '0',
  `FirstCompletedDate` bigint(20) NOT NULL DEFAULT '0',
  `CompletedCount` int(11) NOT NULL DEFAULT '0',
  PRIMARY KEY (`Id`),
  KEY `PlayerId` (`PlayerId`)
) ENGINE=InnoDB DEFAULT CHARSET=latin1;

-- --------------------------------------------------------

--
-- Tabellenstruktur für Tabelle `player_mails`
--

CREATE TABLE IF NOT EXISTS `player_mails` (
  `Id` int(11) NOT NULL AUTO_INCREMENT,
  `PlayerId` int(11) NOT NULL,
  `SenderPlayerId` int(11) NOT NULL,
  `SentDate` bigint(20) NOT NULL DEFAULT '0',
  `Title` varchar(100) NOT NULL DEFAULT '',
  `Message` varchar(500) NOT NULL DEFAULT '',
  `IsMailNew` tinyint(3) unsigned NOT NULL DEFAULT '0',
  `IsMailDeleted` tinyint(3) unsigned NOT NULL DEFAULT '0',
  PRIMARY KEY (`Id`),
  KEY `PlayerId` (`PlayerId`),
  KEY `SenderPlayerId` (`SenderPlayerId`)
) ENGINE=InnoDB DEFAULT CHARSET=latin1 AUTO_INCREMENT=1 ;

-- --------------------------------------------------------

--
-- Tabellenstruktur für Tabelle `player_settings`
--

CREATE TABLE IF NOT EXISTS `player_settings` (
  `Id` int(11) NOT NULL AUTO_INCREMENT,
  `PlayerId` int(11) NOT NULL,
  `Setting` varchar(512) NOT NULL DEFAULT '',
  `Value` varchar(512) NOT NULL DEFAULT '',
  PRIMARY KEY (`Id`),
  KEY `PlayerId` (`PlayerId`)
) ENGINE=InnoDB  DEFAULT CHARSET=latin1 AUTO_INCREMENT=9 ;

--
-- Daten für Tabelle `player_settings`
--

INSERT INTO `player_settings` (`Id`, `PlayerId`, `Setting`, `Value`) VALUES
(1, 3, 'AllowCombiInvite', 'Allow'),
(2, 3, 'AllowInfoRequest', 'Allow'),
(3, 3, 'AllowRoomInvite', 'Allow'),
(4, 3, 'AllowFriendRequest', 'Allow'),
(5, 4, 'AllowInfoRequest', 'Allow'),
(6, 4, 'AllowCombiInvite', 'Allow'),
(7, 4, 'AllowRoomInvite', 'Allow'),
(8, 4, 'AllowFriendRequest', 'Allow');

-- --------------------------------------------------------

--
-- Tabellenstruktur für Tabelle `shop_effects`
--

CREATE TABLE IF NOT EXISTS `shop_effects` (
  `Id` int(11) NOT NULL AUTO_INCREMENT,
  `EffectGroupId` int(11) NOT NULL,
  `Effect` bigint(20) NOT NULL DEFAULT '0',
  PRIMARY KEY (`Id`),
  KEY `EffectGroupId` (`EffectGroupId`)
) ENGINE=InnoDB  DEFAULT CHARSET=latin1 AUTO_INCREMENT=8 ;

--
-- Daten für Tabelle `shop_effects`
--

INSERT INTO `shop_effects` (`Id`, `EffectGroupId`, `Effect`) VALUES
(1, 2, 1030),
(2, 3, 1015),
(3, 4, 2040),
(4, 5, 4001),
(5, 6, 2003),
(6, 7, 19907),
(7, 8, 1003);

-- --------------------------------------------------------

--
-- Tabellenstruktur für Tabelle `shop_effect_groups`
--

CREATE TABLE IF NOT EXISTS `shop_effect_groups` (
  `Id` int(11) NOT NULL AUTO_INCREMENT,
  `Name` varchar(20) NOT NULL DEFAULT '',
  PRIMARY KEY (`Id`)
) ENGINE=InnoDB  DEFAULT CHARSET=latin1 AUTO_INCREMENT=9 ;

--
-- Daten für Tabelle `shop_effect_groups`
--

INSERT INTO `shop_effect_groups` (`Id`, `Name`) VALUES
(1, 'None'),
(2, 'HP+30'),
(3, 'HP+15'),
(4, 'SP+40'),
(5, 'HP+20 & SP+20'),
(6, 'SP+3'),
(7, 'Defense+7'),
(8, 'HP+3');

-- --------------------------------------------------------

--
-- Tabellenstruktur für Tabelle `shop_iteminfos`
--

CREATE TABLE IF NOT EXISTS `shop_iteminfos` (
  `Id` int(11) NOT NULL AUTO_INCREMENT,
  `ShopItemId` int(11) unsigned NOT NULL,
  `PriceGroupId` int(11) NOT NULL,
  `EffectGroupId` int(11) NOT NULL,
  `DiscountPercentage` tinyint(3) unsigned NOT NULL DEFAULT '0',
  `IsEnabled` tinyint(3) unsigned NOT NULL DEFAULT '0',
  PRIMARY KEY (`Id`),
  KEY `PriceGroupId` (`PriceGroupId`),
  KEY `EffectGroupId` (`EffectGroupId`),
  KEY `ShopItemId` (`ShopItemId`)
) ENGINE=InnoDB  DEFAULT CHARSET=latin1 AUTO_INCREMENT=2110 ;

--
-- Daten für Tabelle `shop_iteminfos`
--

INSERT INTO `shop_iteminfos` (`Id`, `ShopItemId`, `PriceGroupId`, `EffectGroupId`, `DiscountPercentage`, `IsEnabled`) VALUES
(1, 1007002, 1, 7, 0, 1),
(2, 1007000, 1, 7, 0, 1),
(3, 1007012, 1, 7, 0, 1),
(4, 1007003, 1, 7, 0, 1),
(5, 1007001, 1, 7, 0, 1),
(6, 1008148, 1, 7, 0, 1),
(7, 1007004, 1, 7, 0, 1),
(8, 1008156, 1, 7, 0, 1),
(9, 1007013, 1, 7, 0, 1),
(10, 1007005, 1, 7, 0, 1),
(11, 1008153, 1, 7, 0, 1),
(12, 1007014, 1, 7, 0, 1),
(13, 1008149, 1, 7, 0, 1),
(14, 1007006, 1, 7, 0, 1),
(15, 1007015, 1, 7, 0, 1),
(16, 1008150, 1, 7, 0, 1),
(17, 1007016, 1, 7, 0, 1),
(18, 1008151, 1, 7, 0, 1),
(19, 1007017, 1, 7, 0, 1),
(20, 1007007, 1, 7, 0, 1),
(21, 1008155, 1, 7, 0, 1),
(22, 1007023, 1, 7, 0, 1),
(23, 1008152, 1, 7, 0, 1),
(24, 1007024, 1, 7, 0, 1),
(25, 1007018, 1, 7, 0, 1),
(26, 1007010, 1, 7, 0, 1),
(27, 1007020, 1, 7, 0, 1),
(28, 1007008, 1, 7, 0, 1),
(29, 1007019, 1, 7, 0, 1),
(30, 1007011, 1, 7, 0, 1),
(31, 1007026, 1, 7, 0, 1),
(32, 1007009, 1, 7, 0, 1),
(33, 1007025, 1, 7, 0, 1),
(34, 1008154, 1, 7, 0, 1),
(35, 1008001, 1, 7, 0, 1),
(36, 1007022, 1, 7, 0, 1),
(37, 1007021, 1, 7, 0, 1),
(38, 1007028, 1, 7, 0, 1),
(39, 1007033, 1, 7, 0, 1),
(40, 1008002, 1, 7, 0, 1),
(41, 1007035, 1, 7, 0, 1),
(42, 1007032, 1, 7, 0, 1),
(43, 1007034, 1, 7, 0, 1),
(44, 1008157, 1, 7, 0, 1),
(45, 1008003, 1, 7, 0, 1),
(46, 1008042, 1, 7, 0, 1),
(47, 1008043, 1, 7, 0, 1),
(48, 1008034, 1, 7, 0, 1),
(49, 1008036, 1, 7, 0, 1),
(50, 1008039, 1, 7, 0, 1),
(51, 1008050, 1, 7, 0, 1),
(52, 1008041, 1, 7, 0, 1),
(53, 1008061, 1, 7, 0, 1),
(54, 1008051, 1, 7, 0, 1),
(55, 1008068, 1, 7, 0, 1),
(56, 1008073, 1, 7, 0, 1),
(57, 1008062, 1, 7, 0, 1),
(58, 1008077, 1, 7, 0, 1),
(59, 1008083, 1, 7, 0, 1),
(60, 1008072, 1, 7, 0, 1),
(61, 1008078, 1, 7, 0, 1),
(62, 1008082, 1, 7, 0, 1),
(63, 1008086, 1, 7, 0, 1),
(64, 1008108, 1, 7, 0, 1),
(65, 1008112, 1, 7, 0, 1),
(66, 1008110, 1, 7, 0, 1),
(67, 1008114, 1, 7, 0, 1),
(68, 1008109, 1, 7, 0, 1),
(69, 1008118, 1, 7, 0, 1),
(70, 1008113, 1, 7, 0, 1),
(71, 1008122, 1, 7, 0, 1),
(72, 1008111, 1, 7, 0, 1),
(73, 1008126, 1, 7, 0, 1),
(74, 1008115, 1, 7, 0, 1),
(75, 1008117, 1, 7, 0, 1),
(76, 1008119, 1, 7, 0, 1),
(77, 1008130, 1, 7, 0, 1),
(78, 1008138, 1, 7, 0, 1),
(79, 1008123, 1, 7, 0, 1),
(80, 1008127, 1, 7, 0, 1),
(81, 1008140, 1, 7, 0, 1),
(82, 1008146, 1, 7, 0, 1),
(83, 1008128, 1, 7, 0, 1),
(84, 1008131, 1, 7, 0, 1),
(85, 1008139, 1, 7, 0, 1),
(86, 1008135, 1, 7, 0, 1),
(87, 1008141, 1, 7, 0, 1),
(88, 1008147, 1, 7, 0, 1),
(89, 1007027, 1, 7, 0, 1),
(90, 1007030, 1, 7, 0, 1),
(91, 1007031, 1, 7, 0, 1),
(92, 1008142, 1, 7, 0, 1),
(93, 1008145, 1, 7, 0, 1),
(94, 1008158, 1, 7, 0, 1),
(95, 1008159, 1, 7, 0, 1),
(96, 1008160, 1, 7, 0, 1),
(97, 1008161, 1, 7, 0, 1),
(98, 1008162, 1, 7, 0, 1),
(99, 1008163, 1, 7, 0, 1),
(100, 1008164, 1, 7, 0, 1),
(101, 1008166, 1, 7, 0, 1),
(102, 1008167, 1, 7, 0, 1),
(103, 1008168, 1, 7, 0, 1),
(104, 1008169, 1, 7, 0, 1),
(105, 1008170, 1, 7, 0, 1),
(106, 1008171, 1, 7, 0, 1),
(107, 1008172, 1, 7, 0, 1),
(108, 1008174, 1, 7, 0, 1),
(109, 1008175, 1, 7, 0, 1),
(110, 1008178, 1, 7, 0, 1),
(111, 1008179, 1, 7, 0, 1),
(112, 1008182, 1, 7, 0, 1),
(113, 1008183, 1, 7, 0, 1),
(114, 1008190, 1, 7, 0, 1),
(115, 1008191, 1, 7, 0, 1),
(116, 1008194, 1, 7, 0, 1),
(117, 1008195, 1, 7, 0, 1),
(118, 1008196, 1, 7, 0, 1),
(119, 1008204, 1, 7, 0, 1),
(120, 1008205, 1, 7, 0, 1),
(121, 1008206, 1, 7, 0, 1),
(122, 1008207, 1, 7, 0, 1),
(123, 1008208, 1, 7, 0, 1),
(124, 1008209, 1, 7, 0, 1),
(125, 1008213, 1, 7, 0, 1),
(126, 1008221, 1, 7, 0, 1),
(127, 1008222, 1, 7, 0, 1),
(128, 1008224, 1, 7, 0, 1),
(129, 1008225, 1, 7, 0, 1),
(130, 1008226, 1, 7, 0, 1),
(131, 1008227, 1, 7, 0, 1),
(132, 1008228, 1, 7, 0, 1),
(133, 1001002, 1, 7, 0, 1),
(134, 1001001, 1, 7, 0, 1),
(135, 1000035, 1, 7, 0, 1),
(136, 1000034, 1, 7, 0, 1),
(137, 1000033, 1, 7, 0, 1),
(138, 1000032, 1, 7, 0, 1),
(139, 1000031, 1, 7, 0, 1),
(140, 1000030, 1, 7, 0, 1),
(141, 1000028, 1, 7, 0, 1),
(142, 1000027, 1, 7, 0, 1),
(143, 1000026, 1, 7, 0, 1),
(144, 1000025, 1, 7, 0, 1),
(145, 1000024, 1, 7, 0, 1),
(146, 1000023, 1, 7, 0, 1),
(147, 1000022, 1, 7, 0, 1),
(148, 1000021, 1, 7, 0, 1),
(149, 1000020, 1, 7, 0, 1),
(150, 1000019, 1, 7, 0, 1),
(151, 1000018, 1, 7, 0, 1),
(152, 1000017, 1, 7, 0, 1),
(153, 1000016, 1, 7, 0, 1),
(154, 1000015, 1, 7, 0, 1),
(155, 1000014, 1, 7, 0, 1),
(156, 1000013, 1, 7, 0, 1),
(157, 1000012, 1, 7, 0, 1),
(158, 1000011, 1, 7, 0, 1),
(159, 1000010, 1, 7, 0, 1),
(160, 1000009, 1, 7, 0, 1),
(161, 1000008, 1, 7, 0, 1),
(162, 1000007, 1, 7, 0, 1),
(163, 1000006, 1, 7, 0, 1),
(164, 1000005, 1, 7, 0, 1),
(165, 1000004, 1, 7, 0, 1),
(166, 1000003, 1, 7, 0, 1),
(167, 1000002, 1, 7, 0, 1),
(168, 1000001, 1, 7, 0, 1),
(169, 1000000, 1, 7, 0, 1),
(170, 1017055, 1, 6, 0, 1),
(171, 1017056, 1, 6, 0, 1),
(172, 1017001, 1, 6, 0, 1),
(173, 1017003, 1, 6, 0, 1),
(174, 1018148, 1, 6, 0, 1),
(175, 1017002, 1, 6, 0, 1),
(176, 1017014, 1, 6, 0, 1),
(177, 1017005, 1, 6, 0, 1),
(178, 1017004, 1, 6, 0, 1),
(179, 1017008, 1, 6, 0, 1),
(180, 1017009, 1, 6, 0, 1),
(181, 1017017, 1, 6, 0, 1),
(182, 1017006, 1, 6, 0, 1),
(183, 1017015, 1, 6, 0, 1),
(184, 1017016, 1, 6, 0, 1),
(185, 1017018, 1, 6, 0, 1),
(186, 1017007, 1, 6, 0, 1),
(187, 1017020, 1, 6, 0, 1),
(188, 1017011, 1, 6, 0, 1),
(189, 1017019, 1, 6, 0, 1),
(190, 1017010, 1, 6, 0, 1),
(191, 1017022, 1, 6, 0, 1),
(192, 1017013, 1, 6, 0, 1),
(193, 1017026, 1, 6, 0, 1),
(194, 1017012, 1, 6, 0, 1),
(195, 1017025, 1, 6, 0, 1),
(196, 1018150, 1, 6, 0, 1),
(197, 1018001, 1, 6, 0, 1),
(198, 1017024, 1, 6, 0, 1),
(199, 1018149, 1, 6, 0, 1),
(200, 1017037, 1, 6, 0, 1),
(201, 1017036, 1, 6, 0, 1),
(202, 1017023, 1, 6, 0, 1),
(203, 1018002, 1, 6, 0, 1),
(204, 1017035, 1, 6, 0, 1),
(205, 1018100, 1, 6, 0, 1),
(206, 1018106, 1, 6, 0, 1),
(207, 1018101, 1, 6, 0, 1),
(208, 1018107, 1, 6, 0, 1),
(209, 1018114, 1, 6, 0, 1),
(210, 1018118, 1, 6, 0, 1),
(211, 1018126, 1, 6, 0, 1),
(212, 1018115, 1, 6, 0, 1),
(213, 1018129, 1, 6, 0, 1),
(214, 1018119, 1, 6, 0, 1),
(215, 1018130, 1, 6, 0, 1),
(216, 1018138, 1, 6, 0, 1),
(217, 1018127, 1, 6, 0, 1),
(218, 1018140, 1, 6, 0, 1),
(219, 1018146, 1, 6, 0, 1),
(220, 1018131, 1, 6, 0, 1),
(221, 1018139, 1, 6, 0, 1),
(222, 1018141, 1, 6, 0, 1),
(223, 1018147, 1, 6, 0, 1),
(224, 1017028, 1, 6, 0, 1),
(225, 1017031, 1, 6, 0, 1),
(226, 1017032, 1, 6, 0, 1),
(227, 1017033, 1, 6, 0, 1),
(228, 1017034, 1, 6, 0, 1),
(229, 1018163, 1, 6, 0, 1),
(230, 1018166, 1, 6, 0, 1),
(231, 1018167, 1, 6, 0, 1),
(232, 1018168, 1, 6, 0, 1),
(233, 1018169, 1, 6, 0, 1),
(234, 1018170, 1, 6, 0, 1),
(235, 1018171, 1, 6, 0, 1),
(236, 1018178, 1, 6, 0, 1),
(237, 1018179, 1, 6, 0, 1),
(238, 1018180, 1, 6, 0, 1),
(239, 1018181, 1, 6, 0, 1),
(240, 1018182, 1, 6, 0, 1),
(241, 1018183, 1, 6, 0, 1),
(242, 1018191, 1, 6, 0, 1),
(243, 1018194, 1, 6, 0, 1),
(244, 1018195, 1, 6, 0, 1),
(245, 1018210, 1, 6, 0, 1),
(246, 1018211, 1, 6, 0, 1),
(247, 1018223, 1, 6, 0, 1),
(248, 1018227, 1, 6, 0, 1),
(249, 1018228, 1, 6, 0, 1),
(250, 1011002, 1, 6, 0, 1),
(251, 1011001, 1, 6, 0, 1),
(252, 1010035, 1, 6, 0, 1),
(253, 1010034, 1, 6, 0, 1),
(254, 1010033, 1, 6, 0, 1),
(255, 1010032, 1, 6, 0, 1),
(256, 1010031, 1, 6, 0, 1),
(257, 1010028, 1, 6, 0, 1),
(258, 1010026, 1, 6, 0, 1),
(259, 1010025, 1, 6, 0, 1),
(260, 1010024, 1, 6, 0, 1),
(261, 1010023, 1, 6, 0, 1),
(262, 1010022, 1, 6, 0, 1),
(263, 1010020, 1, 6, 0, 1),
(264, 1010019, 1, 6, 0, 1),
(265, 1010018, 1, 6, 0, 1),
(266, 1010017, 1, 6, 0, 1),
(267, 1010016, 1, 6, 0, 1),
(268, 1010015, 1, 6, 0, 1),
(269, 1010014, 1, 6, 0, 1),
(270, 1010013, 1, 6, 0, 1),
(271, 1010012, 1, 6, 0, 1),
(272, 1010011, 1, 6, 0, 1),
(273, 1010010, 1, 6, 0, 1),
(274, 1010009, 1, 6, 0, 1),
(275, 1010008, 1, 6, 0, 1),
(276, 1010007, 1, 6, 0, 1),
(277, 1010006, 1, 6, 0, 1),
(278, 1010005, 1, 6, 0, 1),
(279, 1010004, 1, 6, 0, 1),
(280, 1010003, 1, 6, 0, 1),
(281, 1010002, 1, 6, 0, 1),
(282, 1010001, 1, 6, 0, 1),
(283, 1024000, 1, 1, 0, 1),
(284, 1028300, 1, 1, 0, 1),
(285, 1028301, 1, 1, 0, 1),
(286, 1028302, 1, 1, 0, 1),
(287, 1028303, 1, 1, 0, 1),
(288, 1027003, 1, 1, 0, 1),
(289, 1027000, 1, 1, 0, 1),
(290, 1027024, 1, 1, 0, 1),
(291, 1027004, 1, 1, 0, 1),
(292, 1027027, 1, 1, 0, 1),
(293, 1028148, 1, 1, 0, 1),
(294, 1027005, 1, 1, 0, 1),
(295, 1027028, 1, 1, 0, 1),
(296, 1027006, 1, 1, 0, 1),
(297, 1027030, 1, 1, 0, 1),
(298, 1027008, 1, 1, 0, 1),
(299, 1028153, 1, 1, 0, 1),
(300, 1027029, 1, 1, 0, 1),
(301, 1027007, 1, 1, 0, 1),
(302, 1027034, 1, 1, 0, 1),
(303, 1027009, 1, 1, 0, 1),
(304, 1027032, 1, 1, 0, 1),
(305, 1027015, 1, 1, 0, 1),
(306, 1027033, 1, 1, 0, 1),
(307, 1028149, 1, 1, 0, 1),
(308, 1027012, 1, 1, 0, 1),
(309, 1027025, 1, 1, 0, 1),
(310, 1027011, 1, 1, 0, 1),
(311, 1027035, 1, 1, 0, 1),
(312, 1028150, 1, 1, 0, 1),
(313, 1027013, 1, 1, 0, 1),
(314, 1028154, 1, 1, 0, 1),
(315, 1027037, 1, 1, 0, 1),
(316, 1028151, 1, 1, 0, 1),
(317, 1027031, 1, 1, 0, 1),
(318, 1027016, 1, 1, 0, 1),
(319, 1027036, 1, 1, 0, 1),
(320, 1027014, 1, 1, 0, 1),
(321, 1028155, 1, 1, 0, 1),
(322, 1027026, 1, 1, 0, 1),
(323, 1027010, 1, 1, 0, 1),
(324, 1027048, 1, 1, 0, 1),
(325, 1028152, 1, 1, 0, 1),
(326, 1027047, 1, 1, 0, 1),
(327, 1027038, 1, 1, 0, 1),
(328, 1027017, 1, 1, 0, 1),
(329, 1027039, 1, 1, 0, 1),
(330, 1027042, 1, 1, 0, 1),
(331, 1027018, 1, 1, 0, 1),
(332, 1027041, 1, 1, 0, 1),
(333, 1027022, 1, 1, 0, 1),
(334, 1027056, 1, 1, 0, 1),
(335, 1028007, 1, 1, 0, 1),
(336, 1027052, 1, 1, 0, 1),
(337, 1027021, 1, 1, 0, 1),
(338, 1027049, 1, 1, 0, 1),
(339, 1027020, 1, 1, 0, 1),
(340, 1028156, 1, 1, 0, 1),
(341, 1027051, 1, 1, 0, 1),
(342, 1027040, 1, 1, 0, 1),
(343, 1027055, 1, 1, 0, 1),
(344, 1028001, 1, 1, 0, 1),
(345, 1027050, 1, 1, 0, 1),
(346, 1027043, 1, 1, 0, 1),
(347, 1027019, 1, 1, 0, 1),
(348, 1027002, 1, 1, 0, 1),
(349, 1027046, 1, 1, 0, 1),
(350, 1027059, 1, 1, 0, 1),
(351, 1027044, 1, 1, 0, 1),
(352, 1028006, 1, 1, 0, 1),
(353, 1027001, 1, 1, 0, 1),
(354, 1027054, 1, 1, 0, 1),
(355, 1027045, 1, 1, 0, 1),
(356, 1027063, 1, 1, 0, 1),
(357, 1027058, 1, 1, 0, 1),
(358, 1027067, 1, 1, 0, 1),
(359, 1028002, 1, 1, 0, 1),
(360, 1027069, 1, 1, 0, 1),
(361, 1027053, 1, 1, 0, 1),
(362, 1027071, 1, 1, 0, 1),
(363, 1027062, 1, 1, 0, 1),
(364, 1027072, 1, 1, 0, 1),
(365, 1027073, 1, 1, 0, 1),
(366, 1027074, 1, 1, 0, 1),
(367, 1027066, 1, 1, 0, 1),
(368, 1028009, 1, 1, 0, 1),
(369, 1027068, 1, 1, 0, 1),
(370, 1028005, 1, 1, 0, 1),
(371, 1027070, 1, 1, 0, 1),
(372, 1028157, 1, 1, 0, 1),
(373, 1028018, 1, 1, 0, 1),
(374, 1028136, 1, 1, 0, 1),
(375, 1027077, 1, 1, 0, 1),
(376, 1027076, 1, 1, 0, 1),
(377, 1028022, 1, 1, 0, 1),
(378, 1027075, 1, 1, 0, 1),
(379, 1028008, 1, 1, 0, 1),
(380, 1028010, 1, 1, 0, 1),
(381, 1028017, 1, 1, 0, 1),
(382, 1028137, 1, 1, 0, 1),
(383, 1028016, 1, 1, 0, 1),
(384, 1028021, 1, 1, 0, 1),
(385, 1028020, 1, 1, 0, 1),
(386, 1028003, 1, 1, 0, 1),
(387, 1028004, 1, 1, 0, 1),
(388, 1028024, 1, 1, 0, 1),
(389, 1028011, 1, 1, 0, 1),
(390, 1028027, 1, 1, 0, 1),
(391, 1028019, 1, 1, 0, 1),
(392, 1028029, 1, 1, 0, 1),
(393, 1028015, 1, 1, 0, 1),
(394, 1028031, 1, 1, 0, 1),
(395, 1028033, 1, 1, 0, 1),
(396, 1028023, 1, 1, 0, 1),
(397, 1028035, 1, 1, 0, 1),
(398, 1028028, 1, 1, 0, 1),
(399, 1028037, 1, 1, 0, 1),
(400, 1028030, 1, 1, 0, 1),
(401, 1028042, 1, 1, 0, 1),
(402, 1028032, 1, 1, 0, 1),
(403, 1028043, 1, 1, 0, 1),
(404, 1028034, 1, 1, 0, 1),
(405, 1028044, 1, 1, 0, 1),
(406, 1028036, 1, 1, 0, 1),
(407, 1028047, 1, 1, 0, 1),
(408, 1028038, 1, 1, 0, 1),
(409, 1028049, 1, 1, 0, 1),
(410, 1028039, 1, 1, 0, 1),
(411, 1028050, 1, 1, 0, 1),
(412, 1028040, 1, 1, 0, 1),
(413, 1028057, 1, 1, 0, 1),
(414, 1028041, 1, 1, 0, 1),
(415, 1028067, 1, 1, 0, 1),
(416, 1028045, 1, 1, 0, 1),
(417, 1028059, 1, 1, 0, 1),
(418, 1028048, 1, 1, 0, 1),
(419, 1028061, 1, 1, 0, 1),
(420, 1028051, 1, 1, 0, 1),
(421, 1028065, 1, 1, 0, 1),
(422, 1028058, 1, 1, 0, 1),
(423, 1028069, 1, 1, 0, 1),
(424, 1028068, 1, 1, 0, 1),
(425, 1028073, 1, 1, 0, 1),
(426, 1028060, 1, 1, 0, 1),
(427, 1028071, 1, 1, 0, 1),
(428, 1028062, 1, 1, 0, 1),
(429, 1028079, 1, 1, 0, 1),
(430, 1028066, 1, 1, 0, 1),
(431, 1028077, 1, 1, 0, 1),
(432, 1028070, 1, 1, 0, 1),
(433, 1028081, 1, 1, 0, 1),
(434, 1028074, 1, 1, 0, 1),
(435, 1028083, 1, 1, 0, 1),
(436, 1028072, 1, 1, 0, 1),
(437, 1028085, 1, 1, 0, 1),
(438, 1028080, 1, 1, 0, 1),
(439, 1028087, 1, 1, 0, 1),
(440, 1028078, 1, 1, 0, 1),
(441, 1028089, 1, 1, 0, 1),
(442, 1028082, 1, 1, 0, 1),
(443, 1028100, 1, 1, 0, 1),
(444, 1028106, 1, 1, 0, 1),
(445, 1028084, 1, 1, 0, 1),
(446, 1028102, 1, 1, 0, 1),
(447, 1028086, 1, 1, 0, 1),
(448, 1028104, 1, 1, 0, 1),
(449, 1028088, 1, 1, 0, 1),
(450, 1028108, 1, 1, 0, 1),
(451, 1028090, 1, 1, 0, 1),
(452, 1028112, 1, 1, 0, 1),
(453, 1028101, 1, 1, 0, 1),
(454, 1028107, 1, 1, 0, 1),
(455, 1028110, 1, 1, 0, 1),
(456, 1028103, 1, 1, 0, 1),
(457, 1028114, 1, 1, 0, 1),
(458, 1028105, 1, 1, 0, 1),
(459, 1028116, 1, 1, 0, 1),
(460, 1028109, 1, 1, 0, 1),
(461, 1028118, 1, 1, 0, 1),
(462, 1028113, 1, 1, 0, 1),
(463, 1028122, 1, 1, 0, 1),
(464, 1028111, 1, 1, 0, 1),
(465, 1028126, 1, 1, 0, 1),
(466, 1028115, 1, 1, 0, 1),
(467, 1028124, 1, 1, 0, 1),
(468, 1028117, 1, 1, 0, 1),
(469, 1028129, 1, 1, 0, 1),
(470, 1028119, 1, 1, 0, 1),
(471, 1028130, 1, 1, 0, 1),
(472, 1028138, 1, 1, 0, 1),
(473, 1028123, 1, 1, 0, 1),
(474, 1028132, 1, 1, 0, 1),
(475, 1028127, 1, 1, 0, 1),
(476, 1028134, 1, 1, 0, 1),
(477, 1028125, 1, 1, 0, 1),
(478, 1028140, 1, 1, 0, 1),
(479, 1028146, 1, 1, 0, 1),
(480, 1028128, 1, 1, 0, 1),
(481, 1028133, 1, 1, 0, 1),
(482, 1028131, 1, 1, 0, 1),
(483, 1028139, 1, 1, 0, 1),
(484, 1028135, 1, 1, 0, 1),
(485, 1028141, 1, 1, 0, 1),
(486, 1028147, 1, 1, 0, 1),
(487, 1028999, 1, 1, 0, 1),
(488, 1028144, 1, 1, 0, 1),
(489, 1028145, 1, 1, 0, 1),
(490, 1028158, 1, 1, 0, 1),
(491, 1028159, 1, 1, 0, 1),
(492, 1028160, 1, 1, 0, 1),
(493, 1028161, 1, 1, 0, 1),
(494, 1028162, 1, 1, 0, 1),
(495, 1028163, 1, 1, 0, 1),
(496, 1028164, 1, 1, 0, 1),
(497, 1028165, 1, 1, 0, 1),
(498, 1028166, 1, 1, 0, 1),
(499, 1028167, 1, 1, 0, 1),
(500, 1028168, 1, 1, 0, 1),
(501, 1028169, 1, 1, 0, 1),
(502, 1028170, 1, 1, 0, 1),
(503, 1028171, 1, 1, 0, 1),
(504, 1028172, 1, 1, 0, 1),
(505, 1028173, 1, 1, 0, 1),
(506, 1028174, 1, 1, 0, 1),
(507, 1028175, 1, 1, 0, 1),
(508, 1028176, 1, 1, 0, 1),
(509, 1028177, 1, 1, 0, 1),
(510, 1028184, 1, 1, 0, 1),
(511, 1028185, 1, 1, 0, 1),
(512, 1028178, 1, 1, 0, 1),
(513, 1028179, 1, 1, 0, 1),
(514, 1028180, 1, 1, 0, 1),
(515, 1028181, 1, 1, 0, 1),
(516, 1028186, 1, 1, 0, 1),
(517, 1028187, 1, 1, 0, 1),
(518, 1028182, 1, 1, 0, 1),
(519, 1028183, 1, 1, 0, 1),
(520, 1028188, 1, 1, 0, 1),
(521, 1028189, 1, 1, 0, 1),
(522, 1028190, 1, 1, 0, 1),
(523, 1028191, 1, 1, 0, 1),
(524, 1028192, 1, 1, 0, 1),
(525, 1028193, 1, 1, 0, 1),
(526, 1028194, 1, 1, 0, 1),
(527, 1028195, 1, 1, 0, 1),
(528, 1028196, 1, 1, 0, 1),
(529, 1028198, 1, 1, 0, 1),
(530, 1028202, 1, 1, 0, 1),
(531, 1028203, 1, 1, 0, 1),
(532, 1028204, 1, 1, 0, 1),
(533, 1028205, 1, 1, 0, 1),
(534, 1028206, 1, 1, 0, 1),
(535, 1028207, 1, 1, 0, 1),
(536, 1028208, 1, 1, 0, 1),
(537, 1028209, 1, 1, 0, 1),
(538, 1028210, 1, 1, 0, 1),
(539, 1028211, 1, 1, 0, 1),
(540, 1028212, 1, 1, 0, 1),
(541, 1028213, 1, 1, 0, 1),
(542, 1028221, 1, 1, 0, 1),
(543, 1028222, 1, 1, 0, 1),
(544, 1028223, 1, 1, 0, 1),
(545, 1028224, 1, 1, 0, 1),
(546, 1028225, 1, 1, 0, 1),
(547, 1028226, 1, 1, 0, 1),
(548, 1028227, 1, 1, 0, 1),
(549, 1028228, 1, 1, 0, 1),
(550, 1021018, 1, 1, 0, 1),
(551, 1021017, 1, 1, 0, 1),
(552, 1021016, 1, 1, 0, 1),
(553, 1021015, 1, 1, 0, 1),
(554, 1021011, 1, 1, 0, 1),
(555, 1021010, 1, 1, 0, 1),
(556, 1021009, 1, 1, 0, 1),
(557, 1021008, 1, 1, 0, 1),
(558, 1021007, 1, 1, 0, 1),
(559, 1021006, 1, 1, 0, 1),
(560, 1021005, 1, 1, 0, 1),
(561, 1021004, 1, 1, 0, 1),
(562, 1021003, 1, 1, 0, 1),
(563, 1021002, 1, 1, 0, 1),
(564, 1021001, 1, 1, 0, 1),
(565, 1020077, 1, 1, 0, 1),
(566, 1020076, 1, 1, 0, 1),
(567, 1020075, 1, 1, 0, 1),
(568, 1020074, 1, 1, 0, 1),
(569, 1020073, 1, 1, 0, 1),
(570, 1020072, 1, 1, 0, 1),
(571, 1020071, 1, 1, 0, 1),
(572, 1020070, 1, 1, 0, 1),
(573, 1020069, 1, 1, 0, 1),
(574, 1020068, 1, 1, 0, 1),
(575, 1020067, 1, 1, 0, 1),
(576, 1020066, 1, 1, 0, 1),
(577, 1020065, 1, 1, 0, 1),
(578, 1020064, 1, 1, 0, 1),
(579, 1020063, 1, 1, 0, 1),
(580, 1020062, 1, 1, 0, 1),
(581, 1020061, 1, 1, 0, 1),
(582, 1020059, 1, 1, 0, 1),
(583, 1020058, 1, 1, 0, 1),
(584, 1020056, 1, 1, 0, 1),
(585, 1020055, 1, 1, 0, 1),
(586, 1020054, 1, 1, 0, 1),
(587, 1020053, 1, 1, 0, 1),
(588, 1020052, 1, 1, 0, 1),
(589, 1020051, 1, 1, 0, 1),
(590, 1020050, 1, 1, 0, 1),
(591, 1020049, 1, 1, 0, 1),
(592, 1020048, 1, 1, 0, 1),
(593, 1020047, 1, 1, 0, 1),
(594, 1020046, 1, 1, 0, 1),
(595, 1020045, 1, 1, 0, 1),
(596, 1020044, 1, 1, 0, 1),
(597, 1020043, 1, 1, 0, 1),
(598, 1020042, 1, 1, 0, 1),
(599, 1020041, 1, 1, 0, 1),
(600, 1020040, 1, 1, 0, 1),
(601, 1020039, 1, 1, 0, 1),
(602, 1020038, 1, 1, 0, 1),
(603, 1020037, 1, 1, 0, 1),
(604, 1020036, 1, 1, 0, 1),
(605, 1020035, 1, 1, 0, 1),
(606, 1020034, 1, 1, 0, 1),
(607, 1020033, 1, 1, 0, 1),
(608, 1020032, 1, 1, 0, 1),
(609, 1020031, 1, 1, 0, 1),
(610, 1020030, 1, 1, 0, 1),
(611, 1020029, 1, 1, 0, 1),
(612, 1020028, 1, 1, 0, 1),
(613, 1020027, 1, 1, 0, 1),
(614, 1020026, 1, 1, 0, 1),
(615, 1020025, 1, 1, 0, 1),
(616, 1020024, 1, 1, 0, 1),
(617, 1020022, 1, 1, 0, 1),
(618, 1020021, 1, 1, 0, 1),
(619, 1020020, 1, 1, 0, 1),
(620, 1020019, 1, 1, 0, 1),
(621, 1020018, 1, 1, 0, 1),
(622, 1020017, 1, 1, 0, 1),
(623, 1020016, 1, 1, 0, 1),
(624, 1020015, 1, 1, 0, 1),
(625, 1020014, 1, 1, 0, 1),
(626, 1020013, 1, 1, 0, 1),
(627, 1020012, 1, 1, 0, 1),
(628, 1020011, 1, 1, 0, 1),
(629, 1020010, 1, 1, 0, 1),
(630, 1020009, 1, 1, 0, 1),
(631, 1020008, 1, 1, 0, 1),
(632, 1020007, 1, 1, 0, 1),
(633, 1020006, 1, 1, 0, 1),
(634, 1020005, 1, 1, 0, 1),
(635, 1020004, 1, 1, 0, 1),
(636, 1020003, 1, 1, 0, 1),
(637, 1020002, 1, 1, 0, 1),
(638, 1020001, 1, 1, 0, 1),
(639, 1020000, 1, 1, 0, 1),
(640, 1034000, 1, 7, 0, 1),
(641, 1038300, 1, 7, 0, 1),
(642, 1038301, 1, 7, 0, 1),
(643, 1038302, 1, 7, 0, 1),
(644, 1038303, 1, 7, 0, 1),
(645, 1037003, 1, 7, 0, 1),
(646, 1037000, 1, 7, 0, 1),
(647, 1037021, 1, 7, 0, 1),
(648, 1037004, 1, 7, 0, 1),
(649, 1037022, 1, 7, 0, 1),
(650, 1038148, 1, 7, 0, 1),
(651, 1037005, 1, 7, 0, 1),
(652, 1037023, 1, 7, 0, 1),
(653, 1037006, 1, 7, 0, 1),
(654, 1037025, 1, 7, 0, 1),
(655, 1037008, 1, 7, 0, 1),
(656, 1038153, 1, 7, 0, 1),
(657, 1037024, 1, 7, 0, 1),
(658, 1037007, 1, 7, 0, 1),
(659, 1037031, 1, 7, 0, 1),
(660, 1037009, 1, 7, 0, 1),
(661, 1037027, 1, 7, 0, 1),
(662, 1037052, 1, 7, 0, 1),
(663, 1037030, 1, 7, 0, 1),
(664, 1038149, 1, 7, 0, 1),
(665, 1037037, 1, 7, 0, 1),
(666, 1037012, 1, 7, 0, 1),
(667, 1037029, 1, 7, 0, 1),
(668, 1037011, 1, 7, 0, 1),
(669, 1037032, 1, 7, 0, 1),
(670, 1038150, 1, 7, 0, 1),
(671, 1037013, 1, 7, 0, 1),
(672, 1038154, 1, 7, 0, 1),
(673, 1037034, 1, 7, 0, 1),
(674, 1038151, 1, 7, 0, 1),
(675, 1037026, 1, 7, 0, 1),
(676, 1037015, 1, 7, 0, 1),
(677, 1037033, 1, 7, 0, 1),
(678, 1037014, 1, 7, 0, 1),
(679, 1038155, 1, 7, 0, 1),
(680, 1037028, 1, 7, 0, 1),
(681, 1037010, 1, 7, 0, 1),
(682, 1037046, 1, 7, 0, 1),
(683, 1038152, 1, 7, 0, 1),
(684, 1037045, 1, 7, 0, 1),
(685, 1037035, 1, 7, 0, 1),
(686, 1037016, 1, 7, 0, 1),
(687, 1037036, 1, 7, 0, 1),
(688, 1037040, 1, 7, 0, 1),
(689, 1037017, 1, 7, 0, 1),
(690, 1037039, 1, 7, 0, 1),
(691, 1037038, 1, 7, 0, 1),
(692, 1037054, 1, 7, 0, 1),
(693, 1038007, 1, 7, 0, 1),
(694, 1037050, 1, 7, 0, 1),
(695, 1037020, 1, 7, 0, 1),
(696, 1037048, 1, 7, 0, 1),
(697, 1037019, 1, 7, 0, 1),
(698, 1038156, 1, 7, 0, 1),
(699, 1037051, 1, 7, 0, 1),
(700, 1037047, 1, 7, 0, 1),
(701, 1037053, 1, 7, 0, 1),
(702, 1038001, 1, 7, 0, 1),
(703, 1037049, 1, 7, 0, 1),
(704, 1037042, 1, 7, 0, 1),
(705, 1037018, 1, 7, 0, 1),
(706, 1037002, 1, 7, 0, 1),
(707, 1037044, 1, 7, 0, 1),
(708, 1037057, 1, 7, 0, 1),
(709, 1037041, 1, 7, 0, 1),
(710, 1038006, 1, 7, 0, 1),
(711, 1037001, 1, 7, 0, 1),
(712, 1037043, 1, 7, 0, 1),
(713, 1037061, 1, 7, 0, 1),
(714, 1037056, 1, 7, 0, 1),
(715, 1037064, 1, 7, 0, 1),
(716, 1038002, 1, 7, 0, 1),
(717, 1037066, 1, 7, 0, 1),
(718, 1037068, 1, 7, 0, 1),
(719, 1037069, 1, 7, 0, 1),
(720, 1037060, 1, 7, 0, 1),
(721, 1037070, 1, 7, 0, 1),
(722, 1037071, 1, 7, 0, 1),
(723, 1037063, 1, 7, 0, 1),
(724, 1038009, 1, 7, 0, 1),
(725, 1037065, 1, 7, 0, 1),
(726, 1038005, 1, 7, 0, 1),
(727, 1037067, 1, 7, 0, 1),
(728, 1038157, 1, 7, 0, 1),
(729, 1038018, 1, 7, 0, 1),
(730, 1038136, 1, 7, 0, 1),
(731, 1037074, 1, 7, 0, 1),
(732, 1037073, 1, 7, 0, 1),
(733, 1038022, 1, 7, 0, 1),
(734, 1037072, 1, 7, 0, 1),
(735, 1038008, 1, 7, 0, 1),
(736, 1038010, 1, 7, 0, 1),
(737, 1038017, 1, 7, 0, 1),
(738, 1038137, 1, 7, 0, 1),
(739, 1038016, 1, 7, 0, 1),
(740, 1038021, 1, 7, 0, 1),
(741, 1038020, 1, 7, 0, 1),
(742, 1038003, 1, 7, 0, 1),
(743, 1038004, 1, 7, 0, 1),
(744, 1038024, 1, 7, 0, 1),
(745, 1038011, 1, 7, 0, 1),
(746, 1038027, 1, 7, 0, 1),
(747, 1038019, 1, 7, 0, 1),
(748, 1038029, 1, 7, 0, 1),
(749, 1038015, 1, 7, 0, 1),
(750, 1038031, 1, 7, 0, 1),
(751, 1038033, 1, 7, 0, 1),
(752, 1038023, 1, 7, 0, 1),
(753, 1038035, 1, 7, 0, 1),
(754, 1038028, 1, 7, 0, 1),
(755, 1038037, 1, 7, 0, 1),
(756, 1038030, 1, 7, 0, 1),
(757, 1038042, 1, 7, 0, 1),
(758, 1038032, 1, 7, 0, 1),
(759, 1038043, 1, 7, 0, 1),
(760, 1038034, 1, 7, 0, 1),
(761, 1038044, 1, 7, 0, 1),
(762, 1038036, 1, 7, 0, 1),
(763, 1038047, 1, 7, 0, 1),
(764, 1038038, 1, 7, 0, 1),
(765, 1038049, 1, 7, 0, 1),
(766, 1038039, 1, 7, 0, 1),
(767, 1038050, 1, 7, 0, 1),
(768, 1038040, 1, 7, 0, 1),
(769, 1038057, 1, 7, 0, 1),
(770, 1038041, 1, 7, 0, 1),
(771, 1038067, 1, 7, 0, 1),
(772, 1038045, 1, 7, 0, 1),
(773, 1038059, 1, 7, 0, 1),
(774, 1038048, 1, 7, 0, 1),
(775, 1038061, 1, 7, 0, 1),
(776, 1038051, 1, 7, 0, 1),
(777, 1038065, 1, 7, 0, 1),
(778, 1038058, 1, 7, 0, 1),
(779, 1038069, 1, 7, 0, 1),
(780, 1038068, 1, 7, 0, 1),
(781, 1038073, 1, 7, 0, 1),
(782, 1038060, 1, 7, 0, 1),
(783, 1038071, 1, 7, 0, 1),
(784, 1038062, 1, 7, 0, 1),
(785, 1038079, 1, 7, 0, 1),
(786, 1038066, 1, 7, 0, 1),
(787, 1038077, 1, 7, 0, 1),
(788, 1038070, 1, 7, 0, 1),
(789, 1038081, 1, 7, 0, 1),
(790, 1038074, 1, 7, 0, 1),
(791, 1038083, 1, 7, 0, 1),
(792, 1038072, 1, 7, 0, 1),
(793, 1038085, 1, 7, 0, 1),
(794, 1038080, 1, 7, 0, 1),
(795, 1038087, 1, 7, 0, 1),
(796, 1038078, 1, 7, 0, 1),
(797, 1038089, 1, 7, 0, 1),
(798, 1038082, 1, 7, 0, 1),
(799, 1038100, 1, 7, 0, 1),
(800, 1038106, 1, 7, 0, 1),
(801, 1038084, 1, 7, 0, 1),
(802, 1038102, 1, 7, 0, 1),
(803, 1038086, 1, 7, 0, 1),
(804, 1038104, 1, 7, 0, 1),
(805, 1038088, 1, 7, 0, 1),
(806, 1038108, 1, 7, 0, 1),
(807, 1038090, 1, 7, 0, 1),
(808, 1038112, 1, 7, 0, 1),
(809, 1038101, 1, 7, 0, 1),
(810, 1038107, 1, 7, 0, 1),
(811, 1038110, 1, 7, 0, 1),
(812, 1038103, 1, 7, 0, 1),
(813, 1038114, 1, 7, 0, 1),
(814, 1038105, 1, 7, 0, 1),
(815, 1038116, 1, 7, 0, 1),
(816, 1038109, 1, 7, 0, 1),
(817, 1038118, 1, 7, 0, 1),
(818, 1038113, 1, 7, 0, 1),
(819, 1038122, 1, 7, 0, 1),
(820, 1038111, 1, 7, 0, 1),
(821, 1038126, 1, 7, 0, 1),
(822, 1038115, 1, 7, 0, 1),
(823, 1038124, 1, 7, 0, 1),
(824, 1038117, 1, 7, 0, 1),
(825, 1038129, 1, 7, 0, 1),
(826, 1038119, 1, 7, 0, 1),
(827, 1038130, 1, 7, 0, 1),
(828, 1038138, 1, 7, 0, 1),
(829, 1038123, 1, 7, 0, 1),
(830, 1038132, 1, 7, 0, 1),
(831, 1038127, 1, 7, 0, 1),
(832, 1038134, 1, 7, 0, 1),
(833, 1038125, 1, 7, 0, 1),
(834, 1038140, 1, 7, 0, 1),
(835, 1038146, 1, 7, 0, 1),
(836, 1038128, 1, 7, 0, 1),
(837, 1038133, 1, 7, 0, 1),
(838, 1038131, 1, 7, 0, 1),
(839, 1038139, 1, 7, 0, 1),
(840, 1038135, 1, 7, 0, 1),
(841, 1038141, 1, 7, 0, 1),
(842, 1038147, 1, 7, 0, 1),
(843, 1038999, 1, 7, 0, 1),
(844, 1038075, 1, 7, 0, 1),
(845, 1037059, 1, 7, 0, 1),
(846, 1037062, 1, 7, 0, 1),
(847, 1038142, 1, 7, 0, 1),
(848, 1038144, 1, 7, 0, 1),
(849, 1038145, 1, 7, 0, 1),
(850, 1038158, 1, 7, 0, 1),
(851, 1038159, 1, 7, 0, 1),
(852, 1038160, 1, 7, 0, 1),
(853, 1038161, 1, 7, 0, 1),
(854, 1038162, 1, 7, 0, 1),
(855, 1038163, 1, 7, 0, 1),
(856, 1038164, 1, 7, 0, 1),
(857, 1038165, 1, 7, 0, 1),
(858, 1038166, 1, 7, 0, 1),
(859, 1038167, 1, 7, 0, 1),
(860, 1038168, 1, 7, 0, 1),
(861, 1038169, 1, 7, 0, 1),
(862, 1038170, 1, 7, 0, 1),
(863, 1038171, 1, 7, 0, 1),
(864, 1038172, 1, 7, 0, 1),
(865, 1038173, 1, 7, 0, 1),
(866, 1038174, 1, 7, 0, 1),
(867, 1038175, 1, 7, 0, 1),
(868, 1038176, 1, 7, 0, 1),
(869, 1038177, 1, 7, 0, 1),
(870, 1038184, 1, 7, 0, 1),
(871, 1038185, 1, 7, 0, 1),
(872, 1038178, 1, 7, 0, 1),
(873, 1038179, 1, 7, 0, 1),
(874, 1038180, 1, 7, 0, 1),
(875, 1038181, 1, 7, 0, 1),
(876, 1038186, 1, 7, 0, 1),
(877, 1038187, 1, 7, 0, 1),
(878, 1038182, 1, 7, 0, 1),
(879, 1038183, 1, 7, 0, 1),
(880, 1038188, 1, 7, 0, 1),
(881, 1038189, 1, 7, 0, 1),
(882, 1038190, 1, 7, 0, 1),
(883, 1038191, 1, 7, 0, 1),
(884, 1038192, 1, 7, 0, 1),
(885, 1038193, 1, 7, 0, 1),
(886, 1038194, 1, 7, 0, 1),
(887, 1038195, 1, 7, 0, 1),
(888, 1038196, 1, 7, 0, 1),
(889, 1038197, 1, 7, 0, 1),
(890, 1038198, 1, 7, 0, 1),
(891, 1038199, 1, 7, 0, 1),
(892, 1038202, 1, 7, 0, 1),
(893, 1038203, 1, 7, 0, 1),
(894, 1038204, 1, 7, 0, 1),
(895, 1038205, 1, 7, 0, 1),
(896, 1038206, 1, 7, 0, 1),
(897, 1038207, 1, 7, 0, 1),
(898, 1038208, 1, 7, 0, 1),
(899, 1038209, 1, 7, 0, 1),
(900, 1038210, 1, 7, 0, 1),
(901, 1038211, 1, 7, 0, 1),
(902, 1038212, 1, 7, 0, 1),
(903, 1038213, 1, 7, 0, 1),
(904, 1038221, 1, 7, 0, 1),
(905, 1038222, 1, 7, 0, 1),
(906, 1038223, 1, 7, 0, 1),
(907, 1038224, 1, 7, 0, 1),
(908, 1038225, 1, 7, 0, 1),
(909, 1038226, 1, 7, 0, 1),
(910, 1038227, 1, 7, 0, 1),
(911, 1038228, 1, 7, 0, 1),
(912, 1031018, 1, 7, 0, 1),
(913, 1031017, 1, 7, 0, 1),
(914, 1031016, 1, 7, 0, 1),
(915, 1031015, 1, 7, 0, 1),
(916, 1031011, 1, 7, 0, 1),
(917, 1031010, 1, 7, 0, 1),
(918, 1031009, 1, 7, 0, 1),
(919, 1031008, 1, 7, 0, 1),
(920, 1031007, 1, 7, 0, 1),
(921, 1031006, 1, 7, 0, 1),
(922, 1031005, 1, 7, 0, 1),
(923, 1031004, 1, 7, 0, 1),
(924, 1031003, 1, 7, 0, 1),
(925, 1031002, 1, 7, 0, 1),
(926, 1031001, 1, 7, 0, 1),
(927, 1030074, 1, 7, 0, 1),
(928, 1030073, 1, 7, 0, 1),
(929, 1030072, 1, 7, 0, 1),
(930, 1030071, 1, 7, 0, 1),
(931, 1030070, 1, 7, 0, 1),
(932, 1030069, 1, 7, 0, 1),
(933, 1030068, 1, 7, 0, 1),
(934, 1030067, 1, 7, 0, 1),
(935, 1030066, 1, 7, 0, 1),
(936, 1030065, 1, 7, 0, 1),
(937, 1030064, 1, 7, 0, 1),
(938, 1030063, 1, 7, 0, 1),
(939, 1030062, 1, 7, 0, 1),
(940, 1030061, 1, 7, 0, 1),
(941, 1030060, 1, 7, 0, 1),
(942, 1030059, 1, 7, 0, 1),
(943, 1030057, 1, 7, 0, 1),
(944, 1030056, 1, 7, 0, 1),
(945, 1030054, 1, 7, 0, 1),
(946, 1030053, 1, 7, 0, 1),
(947, 1030052, 1, 7, 0, 1),
(948, 1030051, 1, 7, 0, 1),
(949, 1030050, 1, 7, 0, 1),
(950, 1030049, 1, 7, 0, 1),
(951, 1030048, 1, 7, 0, 1),
(952, 1030047, 1, 7, 0, 1),
(953, 1030046, 1, 7, 0, 1),
(954, 1030045, 1, 7, 0, 1),
(955, 1030044, 1, 7, 0, 1),
(956, 1030043, 1, 7, 0, 1),
(957, 1030042, 1, 7, 0, 1),
(958, 1030041, 1, 7, 0, 1),
(959, 1030040, 1, 7, 0, 1),
(960, 1030039, 1, 7, 0, 1),
(961, 1030038, 1, 7, 0, 1),
(962, 1030037, 1, 7, 0, 1),
(963, 1030036, 1, 7, 0, 1),
(964, 1030035, 1, 7, 0, 1),
(965, 1030034, 1, 7, 0, 1),
(966, 1030033, 1, 7, 0, 1),
(967, 1030032, 1, 7, 0, 1),
(968, 1030031, 1, 7, 0, 1),
(969, 1030030, 1, 7, 0, 1),
(970, 1030029, 1, 7, 0, 1),
(971, 1030028, 1, 7, 0, 1),
(972, 1030027, 1, 7, 0, 1),
(973, 1030026, 1, 7, 0, 1),
(974, 1030025, 1, 7, 0, 1),
(975, 1030024, 1, 7, 0, 1),
(976, 1030023, 1, 7, 0, 1),
(977, 1030022, 1, 7, 0, 1),
(978, 1030021, 1, 7, 0, 1),
(979, 1030020, 1, 7, 0, 1),
(980, 1030019, 1, 7, 0, 1),
(981, 1030018, 1, 7, 0, 1),
(982, 1030017, 1, 7, 0, 1),
(983, 1030016, 1, 7, 0, 1),
(984, 1030015, 1, 7, 0, 1),
(985, 1030014, 1, 7, 0, 1),
(986, 1030013, 1, 7, 0, 1),
(987, 1030012, 1, 7, 0, 1),
(988, 1030011, 1, 7, 0, 1),
(989, 1030010, 1, 7, 0, 1),
(990, 1030009, 1, 7, 0, 1),
(991, 1030008, 1, 7, 0, 1),
(992, 1030007, 1, 7, 0, 1),
(993, 1030006, 1, 7, 0, 1),
(994, 1030005, 1, 7, 0, 1),
(995, 1030004, 1, 7, 0, 1),
(996, 1030003, 1, 7, 0, 1),
(997, 1030002, 1, 7, 0, 1),
(998, 1030001, 1, 7, 0, 1),
(999, 1030000, 1, 7, 0, 1),
(1000, 1048300, 1, 8, 0, 1),
(1001, 1048301, 1, 8, 0, 1),
(1002, 1048302, 1, 8, 0, 1),
(1003, 1048303, 1, 8, 0, 1),
(1004, 1047001, 1, 8, 0, 1),
(1005, 1047040, 1, 8, 0, 1),
(1006, 1047002, 1, 8, 0, 1),
(1007, 1047010, 1, 8, 0, 1),
(1008, 1047027, 1, 8, 0, 1),
(1009, 1048148, 1, 8, 0, 1),
(1010, 1047007, 1, 8, 0, 1),
(1011, 1047026, 1, 8, 0, 1),
(1012, 1047004, 1, 8, 0, 1),
(1013, 1047022, 1, 8, 0, 1),
(1014, 1047008, 1, 8, 0, 1),
(1015, 1048153, 1, 8, 0, 1),
(1016, 1047025, 1, 8, 0, 1),
(1017, 1047009, 1, 8, 0, 1),
(1018, 1047030, 1, 8, 0, 1),
(1019, 1047003, 1, 8, 0, 1),
(1020, 1047021, 1, 8, 0, 1),
(1021, 1047015, 1, 8, 0, 1),
(1022, 1047029, 1, 8, 0, 1),
(1023, 1048149, 1, 8, 0, 1),
(1024, 1047011, 1, 8, 0, 1),
(1025, 1047023, 1, 8, 0, 1),
(1026, 1047006, 1, 8, 0, 1),
(1027, 1047031, 1, 8, 0, 1),
(1028, 1048150, 1, 8, 0, 1),
(1029, 1047012, 1, 8, 0, 1),
(1030, 1048154, 1, 8, 0, 1),
(1031, 1047032, 1, 8, 0, 1),
(1032, 1048151, 1, 8, 0, 1),
(1033, 1047024, 1, 8, 0, 1),
(1034, 1047014, 1, 8, 0, 1),
(1035, 1047033, 1, 8, 0, 1),
(1036, 1047013, 1, 8, 0, 1),
(1037, 1048155, 1, 8, 0, 1),
(1038, 1047028, 1, 8, 0, 1),
(1039, 1047005, 1, 8, 0, 1),
(1040, 1047048, 1, 8, 0, 1),
(1041, 1048152, 1, 8, 0, 1),
(1042, 1047047, 1, 8, 0, 1),
(1043, 1047034, 1, 8, 0, 1),
(1044, 1047016, 1, 8, 0, 1),
(1045, 1047035, 1, 8, 0, 1),
(1046, 1047039, 1, 8, 0, 1),
(1047, 1047017, 1, 8, 0, 1),
(1048, 1047038, 1, 8, 0, 1),
(1049, 1047037, 1, 8, 0, 1),
(1050, 1047050, 1, 8, 0, 1),
(1051, 1048007, 1, 8, 0, 1),
(1052, 1047020, 1, 8, 0, 1),
(1053, 1047046, 1, 8, 0, 1),
(1054, 1047019, 1, 8, 0, 1),
(1055, 1048156, 1, 8, 0, 1),
(1056, 1047036, 1, 8, 0, 1),
(1057, 1047049, 1, 8, 0, 1),
(1058, 1048001, 1, 8, 0, 1),
(1059, 1047045, 1, 8, 0, 1),
(1060, 1047042, 1, 8, 0, 1),
(1061, 1047018, 1, 8, 0, 1),
(1062, 1047044, 1, 8, 0, 1),
(1063, 1047053, 1, 8, 0, 1),
(1064, 1047041, 1, 8, 0, 1),
(1065, 1048006, 1, 8, 0, 1),
(1066, 1047043, 1, 8, 0, 1),
(1067, 1047052, 1, 8, 0, 1),
(1068, 1048002, 1, 8, 0, 1),
(1069, 1047058, 1, 8, 0, 1),
(1070, 1047060, 1, 8, 0, 1),
(1071, 1047061, 1, 8, 0, 1),
(1072, 1047062, 1, 8, 0, 1),
(1073, 1047063, 1, 8, 0, 1),
(1074, 1048009, 1, 8, 0, 1),
(1075, 1047057, 1, 8, 0, 1),
(1076, 1047059, 1, 8, 0, 1),
(1077, 1048157, 1, 8, 0, 1),
(1078, 1048018, 1, 8, 0, 1),
(1079, 1048136, 1, 8, 0, 1),
(1080, 1047065, 1, 8, 0, 1),
(1081, 1047066, 1, 8, 0, 1),
(1082, 1048022, 1, 8, 0, 1),
(1083, 1047064, 1, 8, 0, 1),
(1084, 1048008, 1, 8, 0, 1),
(1085, 1048010, 1, 8, 0, 1),
(1086, 1048017, 1, 8, 0, 1),
(1087, 1048016, 1, 8, 0, 1),
(1088, 1048021, 1, 8, 0, 1),
(1089, 1048020, 1, 8, 0, 1),
(1090, 1048003, 1, 8, 0, 1),
(1091, 1048024, 1, 8, 0, 1),
(1092, 1048011, 1, 8, 0, 1),
(1093, 1048027, 1, 8, 0, 1),
(1094, 1048019, 1, 8, 0, 1),
(1095, 1048137, 1, 8, 0, 1),
(1096, 1048029, 1, 8, 0, 1),
(1097, 1048015, 1, 8, 0, 1),
(1098, 1048031, 1, 8, 0, 1),
(1099, 1048033, 1, 8, 0, 1),
(1100, 1048023, 1, 8, 0, 1),
(1101, 1048035, 1, 8, 0, 1),
(1102, 1048028, 1, 8, 0, 1),
(1103, 1048037, 1, 8, 0, 1),
(1104, 1048030, 1, 8, 0, 1),
(1105, 1048042, 1, 8, 0, 1),
(1106, 1048032, 1, 8, 0, 1),
(1107, 1048043, 1, 8, 0, 1),
(1108, 1048034, 1, 8, 0, 1),
(1109, 1048044, 1, 8, 0, 1),
(1110, 1048036, 1, 8, 0, 1),
(1111, 1048047, 1, 8, 0, 1),
(1112, 1048038, 1, 8, 0, 1),
(1113, 1048049, 1, 8, 0, 1),
(1114, 1048039, 1, 8, 0, 1),
(1115, 1048050, 1, 8, 0, 1),
(1116, 1048040, 1, 8, 0, 1),
(1117, 1048057, 1, 8, 0, 1),
(1118, 1048041, 1, 8, 0, 1),
(1119, 1048067, 1, 8, 0, 1),
(1120, 1048045, 1, 8, 0, 1),
(1121, 1048059, 1, 8, 0, 1),
(1122, 1048048, 1, 8, 0, 1),
(1123, 1048061, 1, 8, 0, 1),
(1124, 1048051, 1, 8, 0, 1),
(1125, 1048065, 1, 8, 0, 1),
(1126, 1048058, 1, 8, 0, 1),
(1127, 1048069, 1, 8, 0, 1),
(1128, 1048068, 1, 8, 0, 1),
(1129, 1048073, 1, 8, 0, 1),
(1130, 1048060, 1, 8, 0, 1),
(1131, 1048071, 1, 8, 0, 1),
(1132, 1048062, 1, 8, 0, 1),
(1133, 1048079, 1, 8, 0, 1),
(1134, 1048066, 1, 8, 0, 1),
(1135, 1048077, 1, 8, 0, 1),
(1136, 1048070, 1, 8, 0, 1),
(1137, 1048081, 1, 8, 0, 1),
(1138, 1048074, 1, 8, 0, 1),
(1139, 1048083, 1, 8, 0, 1),
(1140, 1048072, 1, 8, 0, 1),
(1141, 1048085, 1, 8, 0, 1),
(1142, 1048080, 1, 8, 0, 1),
(1143, 1048087, 1, 8, 0, 1),
(1144, 1048078, 1, 8, 0, 1),
(1145, 1048089, 1, 8, 0, 1),
(1146, 1048082, 1, 8, 0, 1),
(1147, 1048100, 1, 8, 0, 1),
(1148, 1048106, 1, 8, 0, 1),
(1149, 1048084, 1, 8, 0, 1),
(1150, 1048102, 1, 8, 0, 1),
(1151, 1048086, 1, 8, 0, 1),
(1152, 1048104, 1, 8, 0, 1),
(1153, 1048088, 1, 8, 0, 1),
(1154, 1048108, 1, 8, 0, 1),
(1155, 1048090, 1, 8, 0, 1),
(1156, 1048112, 1, 8, 0, 1),
(1157, 1048101, 1, 8, 0, 1),
(1158, 1048107, 1, 8, 0, 1),
(1159, 1048110, 1, 8, 0, 1),
(1160, 1048103, 1, 8, 0, 1),
(1161, 1048114, 1, 8, 0, 1),
(1162, 1048105, 1, 8, 0, 1),
(1163, 1048116, 1, 8, 0, 1),
(1164, 1048109, 1, 8, 0, 1),
(1165, 1048118, 1, 8, 0, 1),
(1166, 1048113, 1, 8, 0, 1),
(1167, 1048122, 1, 8, 0, 1),
(1168, 1048111, 1, 8, 0, 1),
(1169, 1048126, 1, 8, 0, 1),
(1170, 1048115, 1, 8, 0, 1),
(1171, 1048124, 1, 8, 0, 1),
(1172, 1048117, 1, 8, 0, 1),
(1173, 1048129, 1, 8, 0, 1),
(1174, 1048119, 1, 8, 0, 1),
(1175, 1048130, 1, 8, 0, 1),
(1176, 1048138, 1, 8, 0, 1),
(1177, 1048123, 1, 8, 0, 1),
(1178, 1048132, 1, 8, 0, 1),
(1179, 1048127, 1, 8, 0, 1),
(1180, 1048134, 1, 8, 0, 1),
(1181, 1048125, 1, 8, 0, 1),
(1182, 1048140, 1, 8, 0, 1),
(1183, 1048146, 1, 8, 0, 1),
(1184, 1048128, 1, 8, 0, 1),
(1185, 1048133, 1, 8, 0, 1),
(1186, 1048131, 1, 8, 0, 1),
(1187, 1048139, 1, 8, 0, 1),
(1188, 1048135, 1, 8, 0, 1),
(1189, 1048141, 1, 8, 0, 1),
(1190, 1048147, 1, 8, 0, 1),
(1191, 1048075, 1, 8, 0, 1),
(1192, 1047055, 1, 8, 0, 1),
(1193, 1047056, 1, 8, 0, 1),
(1194, 1048064, 1, 8, 0, 1),
(1195, 1048142, 1, 8, 0, 1),
(1196, 1048144, 1, 8, 0, 1),
(1197, 1048145, 1, 8, 0, 1),
(1198, 1048158, 1, 8, 0, 1),
(1199, 1048159, 1, 8, 0, 1),
(1200, 1048160, 1, 8, 0, 1),
(1201, 1048161, 1, 8, 0, 1),
(1202, 1048162, 1, 8, 0, 1),
(1203, 1048163, 1, 8, 0, 1),
(1204, 1048164, 1, 8, 0, 1),
(1205, 1048165, 1, 8, 0, 1),
(1206, 1048166, 1, 8, 0, 1),
(1207, 1048167, 1, 8, 0, 1),
(1208, 1048168, 1, 8, 0, 1),
(1209, 1048169, 1, 8, 0, 1),
(1210, 1048170, 1, 8, 0, 1),
(1211, 1048171, 1, 8, 0, 1),
(1212, 1048172, 1, 8, 0, 1),
(1213, 1048173, 1, 8, 0, 1),
(1214, 1048174, 1, 8, 0, 1),
(1215, 1048175, 1, 8, 0, 1),
(1216, 1048176, 1, 8, 0, 1),
(1217, 1048177, 1, 8, 0, 1),
(1218, 1048184, 1, 8, 0, 1),
(1219, 1048185, 1, 8, 0, 1),
(1220, 1048178, 1, 8, 0, 1),
(1221, 1048179, 1, 8, 0, 1),
(1222, 1048180, 1, 8, 0, 1),
(1223, 1048181, 1, 8, 0, 1),
(1224, 1048186, 1, 8, 0, 1),
(1225, 1048187, 1, 8, 0, 1),
(1226, 1048182, 1, 8, 0, 1),
(1227, 1048183, 1, 8, 0, 1),
(1228, 1048188, 1, 8, 0, 1),
(1229, 1048189, 1, 8, 0, 1),
(1230, 1048190, 1, 8, 0, 1),
(1231, 1048191, 1, 8, 0, 1),
(1232, 1048192, 1, 8, 0, 1),
(1233, 1048193, 1, 8, 0, 1),
(1234, 1048194, 1, 8, 0, 1),
(1235, 1048195, 1, 8, 0, 1),
(1236, 1048196, 1, 8, 0, 1),
(1237, 1048198, 1, 8, 0, 1),
(1238, 1048202, 1, 8, 0, 1),
(1239, 1048203, 1, 8, 0, 1),
(1240, 1048204, 1, 8, 0, 1),
(1241, 1048205, 1, 8, 0, 1),
(1242, 1048206, 1, 8, 0, 1),
(1243, 1048207, 1, 8, 0, 1),
(1244, 1048208, 1, 8, 0, 1),
(1245, 1048209, 1, 8, 0, 1),
(1246, 1048210, 1, 8, 0, 1),
(1247, 1048211, 1, 8, 0, 1),
(1248, 1048212, 1, 8, 0, 1),
(1249, 1048213, 1, 8, 0, 1),
(1250, 1048221, 1, 8, 0, 1),
(1251, 1048222, 1, 8, 0, 1),
(1252, 1048223, 1, 8, 0, 1),
(1253, 1048224, 1, 8, 0, 1),
(1254, 1048225, 1, 8, 0, 1),
(1255, 1048226, 1, 8, 0, 1),
(1256, 1048227, 1, 8, 0, 1),
(1257, 1048228, 1, 8, 0, 1),
(1258, 1041018, 1, 8, 0, 1),
(1259, 1041017, 1, 8, 0, 1),
(1260, 1041016, 1, 8, 0, 1),
(1261, 1041015, 1, 8, 0, 1),
(1262, 1041011, 1, 8, 0, 1),
(1263, 1041010, 1, 8, 0, 1),
(1264, 1041009, 1, 8, 0, 1),
(1265, 1041008, 1, 8, 0, 1),
(1266, 1041007, 1, 8, 0, 1),
(1267, 1041006, 1, 8, 0, 1),
(1268, 1041003, 1, 8, 0, 1),
(1269, 1041002, 1, 8, 0, 1),
(1270, 1041001, 1, 8, 0, 1),
(1271, 1040066, 1, 8, 0, 1),
(1272, 1040065, 1, 8, 0, 1),
(1273, 1040064, 1, 8, 0, 1),
(1274, 1040063, 1, 8, 0, 1),
(1275, 1040062, 1, 8, 0, 1),
(1276, 1040061, 1, 8, 0, 1),
(1277, 1040060, 1, 8, 0, 1),
(1278, 1040059, 1, 8, 0, 1),
(1279, 1040058, 1, 8, 0, 1),
(1280, 1040057, 1, 8, 0, 1),
(1281, 1040056, 1, 8, 0, 1),
(1282, 1040055, 1, 8, 0, 1),
(1283, 1040053, 1, 8, 0, 1),
(1284, 1040052, 1, 8, 0, 1),
(1285, 1040050, 1, 8, 0, 1),
(1286, 1040049, 1, 8, 0, 1),
(1287, 1040048, 1, 8, 0, 1),
(1288, 1040047, 1, 8, 0, 1),
(1289, 1040046, 1, 8, 0, 1),
(1290, 1040045, 1, 8, 0, 1),
(1291, 1040044, 1, 8, 0, 1),
(1292, 1040043, 1, 8, 0, 1),
(1293, 1040042, 1, 8, 0, 1),
(1294, 1040041, 1, 8, 0, 1),
(1295, 1040040, 1, 8, 0, 1),
(1296, 1040039, 1, 8, 0, 1),
(1297, 1040038, 1, 8, 0, 1),
(1298, 1040037, 1, 8, 0, 1),
(1299, 1040036, 1, 8, 0, 1),
(1300, 1040035, 1, 8, 0, 1),
(1301, 1040034, 1, 8, 0, 1),
(1302, 1040033, 1, 8, 0, 1),
(1303, 1040032, 1, 8, 0, 1),
(1304, 1040031, 1, 8, 0, 1),
(1305, 1040030, 1, 8, 0, 1),
(1306, 1040029, 1, 8, 0, 1),
(1307, 1040028, 1, 8, 0, 1),
(1308, 1040027, 1, 8, 0, 1),
(1309, 1040026, 1, 8, 0, 1),
(1310, 1040025, 1, 8, 0, 1),
(1311, 1040024, 1, 8, 0, 1),
(1312, 1040023, 1, 8, 0, 1),
(1313, 1040022, 1, 8, 0, 1),
(1314, 1040021, 1, 8, 0, 1),
(1315, 1040020, 1, 8, 0, 1),
(1316, 1040019, 1, 8, 0, 1),
(1317, 1040018, 1, 8, 0, 1),
(1318, 1040017, 1, 8, 0, 1),
(1319, 1040016, 1, 8, 0, 1),
(1320, 1040015, 1, 8, 0, 1),
(1321, 1040014, 1, 8, 0, 1),
(1322, 1040013, 1, 8, 0, 1),
(1323, 1040012, 1, 8, 0, 1),
(1324, 1040011, 1, 8, 0, 1),
(1325, 1040010, 1, 8, 0, 1),
(1326, 1040009, 1, 8, 0, 1),
(1327, 1040008, 1, 8, 0, 1),
(1328, 1040007, 1, 8, 0, 1),
(1329, 1040006, 1, 8, 0, 1),
(1330, 1040005, 1, 8, 0, 1),
(1331, 1040004, 1, 8, 0, 1),
(1332, 1040003, 1, 8, 0, 1),
(1333, 1040002, 1, 8, 0, 1),
(1334, 1040001, 1, 8, 0, 1),
(1335, 1058300, 1, 8, 0, 1),
(1336, 1058301, 1, 8, 0, 1),
(1337, 1058302, 1, 8, 0, 1),
(1338, 1058303, 1, 8, 0, 1),
(1339, 1057001, 1, 8, 0, 1),
(1340, 1057002, 1, 8, 0, 1),
(1341, 1057009, 1, 8, 0, 1),
(1342, 1057025, 1, 8, 0, 1),
(1343, 1058148, 1, 8, 0, 1),
(1344, 1057008, 1, 8, 0, 1),
(1345, 1057026, 1, 8, 0, 1),
(1346, 1057007, 1, 8, 0, 1),
(1347, 1057021, 1, 8, 0, 1),
(1348, 1057006, 1, 8, 0, 1),
(1349, 1058153, 1, 8, 0, 1),
(1350, 1057028, 1, 8, 0, 1),
(1351, 1057010, 1, 8, 0, 1),
(1352, 1057030, 1, 8, 0, 1),
(1353, 1057005, 1, 8, 0, 1),
(1354, 1057023, 1, 8, 0, 1),
(1355, 1057015, 1, 8, 0, 1),
(1356, 1057029, 1, 8, 0, 1),
(1357, 1058149, 1, 8, 0, 1),
(1358, 1057011, 1, 8, 0, 1),
(1359, 1057024, 1, 8, 0, 1),
(1360, 1057003, 1, 8, 0, 1),
(1361, 1057031, 1, 8, 0, 1),
(1362, 1058150, 1, 8, 0, 1),
(1363, 1057012, 1, 8, 0, 1),
(1364, 1058154, 1, 8, 0, 1),
(1365, 1057032, 1, 8, 0, 1),
(1366, 1058151, 1, 8, 0, 1),
(1367, 1057022, 1, 8, 0, 1),
(1368, 1057014, 1, 8, 0, 1),
(1369, 1057033, 1, 8, 0, 1),
(1370, 1057013, 1, 8, 0, 1),
(1371, 1058155, 1, 8, 0, 1),
(1372, 1057027, 1, 8, 0, 1),
(1373, 1057004, 1, 8, 0, 1),
(1374, 1057046, 1, 8, 0, 1),
(1375, 1058152, 1, 8, 0, 1),
(1376, 1057047, 1, 8, 0, 1),
(1377, 1057034, 1, 8, 0, 1),
(1378, 1057016, 1, 8, 0, 1),
(1379, 1057035, 1, 8, 0, 1),
(1380, 1057039, 1, 8, 0, 1),
(1381, 1057017, 1, 8, 0, 1),
(1382, 1057038, 1, 8, 0, 1),
(1383, 1057037, 1, 8, 0, 1),
(1384, 1057049, 1, 8, 0, 1),
(1385, 1058007, 1, 8, 0, 1),
(1386, 1057020, 1, 8, 0, 1),
(1387, 1057044, 1, 8, 0, 1),
(1388, 1057019, 1, 8, 0, 1),
(1389, 1058156, 1, 8, 0, 1),
(1390, 1057036, 1, 8, 0, 1),
(1391, 1057048, 1, 8, 0, 1),
(1392, 1058001, 1, 8, 0, 1),
(1393, 1057045, 1, 8, 0, 1),
(1394, 1057040, 1, 8, 0, 1),
(1395, 1057018, 1, 8, 0, 1),
(1396, 1057043, 1, 8, 0, 1),
(1397, 1057052, 1, 8, 0, 1),
(1398, 1057041, 1, 8, 0, 1),
(1399, 1058006, 1, 8, 0, 1),
(1400, 1057042, 1, 8, 0, 1),
(1401, 1057051, 1, 8, 0, 1),
(1402, 1057057, 1, 8, 0, 1),
(1403, 1058002, 1, 8, 0, 1),
(1404, 1057059, 1, 8, 0, 1),
(1405, 1057061, 1, 8, 0, 1),
(1406, 1057062, 1, 8, 0, 1),
(1407, 1057063, 1, 8, 0, 1),
(1408, 1057064, 1, 8, 0, 1),
(1409, 1057056, 1, 8, 0, 1),
(1410, 1058009, 1, 8, 0, 1),
(1411, 1057058, 1, 8, 0, 1),
(1412, 1057060, 1, 8, 0, 1),
(1413, 1058157, 1, 8, 0, 1),
(1414, 1058018, 1, 8, 0, 1),
(1415, 1058136, 1, 8, 0, 1),
(1416, 1057066, 1, 8, 0, 1),
(1417, 1057067, 1, 8, 0, 1),
(1418, 1058022, 1, 8, 0, 1),
(1419, 1057065, 1, 8, 0, 1),
(1420, 1058008, 1, 8, 0, 1),
(1421, 1058010, 1, 8, 0, 1),
(1422, 1058017, 1, 8, 0, 1),
(1423, 1058016, 1, 8, 0, 1),
(1424, 1058021, 1, 8, 0, 1),
(1425, 1058020, 1, 8, 0, 1),
(1426, 1058003, 1, 8, 0, 1),
(1427, 1058137, 1, 8, 0, 1),
(1428, 1058024, 1, 8, 0, 1),
(1429, 1058011, 1, 8, 0, 1),
(1430, 1058027, 1, 8, 0, 1),
(1431, 1058019, 1, 8, 0, 1),
(1432, 1058029, 1, 8, 0, 1),
(1433, 1058015, 1, 8, 0, 1),
(1434, 1058031, 1, 8, 0, 1),
(1435, 1058033, 1, 8, 0, 1),
(1436, 1058023, 1, 8, 0, 1),
(1437, 1058035, 1, 8, 0, 1),
(1438, 1058028, 1, 8, 0, 1),
(1439, 1058037, 1, 8, 0, 1),
(1440, 1058030, 1, 8, 0, 1),
(1441, 1058042, 1, 8, 0, 1),
(1442, 1058032, 1, 8, 0, 1),
(1443, 1058043, 1, 8, 0, 1),
(1444, 1058034, 1, 8, 0, 1),
(1445, 1058044, 1, 8, 0, 1),
(1446, 1058036, 1, 8, 0, 1),
(1447, 1058047, 1, 8, 0, 1),
(1448, 1058038, 1, 8, 0, 1),
(1449, 1058049, 1, 8, 0, 1),
(1450, 1058039, 1, 8, 0, 1),
(1451, 1058050, 1, 8, 0, 1),
(1452, 1058040, 1, 8, 0, 1),
(1453, 1058057, 1, 8, 0, 1),
(1454, 1058041, 1, 8, 0, 1),
(1455, 1058067, 1, 8, 0, 1),
(1456, 1058045, 1, 8, 0, 1),
(1457, 1058059, 1, 8, 0, 1),
(1458, 1058048, 1, 8, 0, 1),
(1459, 1058061, 1, 8, 0, 1),
(1460, 1058051, 1, 8, 0, 1),
(1461, 1058065, 1, 8, 0, 1),
(1462, 1058058, 1, 8, 0, 1),
(1463, 1058069, 1, 8, 0, 1),
(1464, 1058068, 1, 8, 0, 1),
(1465, 1058073, 1, 8, 0, 1),
(1466, 1058060, 1, 8, 0, 1),
(1467, 1058071, 1, 8, 0, 1),
(1468, 1058062, 1, 8, 0, 1),
(1469, 1058079, 1, 8, 0, 1),
(1470, 1058066, 1, 8, 0, 1),
(1471, 1058077, 1, 8, 0, 1),
(1472, 1058070, 1, 8, 0, 1),
(1473, 1058081, 1, 8, 0, 1),
(1474, 1058074, 1, 8, 0, 1),
(1475, 1058083, 1, 8, 0, 1),
(1476, 1058072, 1, 8, 0, 1),
(1477, 1058085, 1, 8, 0, 1),
(1478, 1058080, 1, 8, 0, 1),
(1479, 1058087, 1, 8, 0, 1),
(1480, 1058078, 1, 8, 0, 1),
(1481, 1058089, 1, 8, 0, 1),
(1482, 1058082, 1, 8, 0, 1),
(1483, 1058100, 1, 8, 0, 1),
(1484, 1058106, 1, 8, 0, 1),
(1485, 1058084, 1, 8, 0, 1),
(1486, 1058102, 1, 8, 0, 1),
(1487, 1058086, 1, 8, 0, 1),
(1488, 1058104, 1, 8, 0, 1),
(1489, 1058088, 1, 8, 0, 1),
(1490, 1058108, 1, 8, 0, 1),
(1491, 1058090, 1, 8, 0, 1),
(1492, 1058112, 1, 8, 0, 1),
(1493, 1058101, 1, 8, 0, 1),
(1494, 1058107, 1, 8, 0, 1),
(1495, 1058110, 1, 8, 0, 1),
(1496, 1058103, 1, 8, 0, 1),
(1497, 1058114, 1, 8, 0, 1),
(1498, 1058105, 1, 8, 0, 1),
(1499, 1058116, 1, 8, 0, 1),
(1500, 1058109, 1, 8, 0, 1),
(1501, 1058118, 1, 8, 0, 1),
(1502, 1058113, 1, 8, 0, 1),
(1503, 1058122, 1, 8, 0, 1),
(1504, 1058111, 1, 8, 0, 1),
(1505, 1058126, 1, 8, 0, 1),
(1506, 1058115, 1, 8, 0, 1),
(1507, 1058124, 1, 8, 0, 1),
(1508, 1058117, 1, 8, 0, 1),
(1509, 1058129, 1, 8, 0, 1),
(1510, 1058119, 1, 8, 0, 1),
(1511, 1058130, 1, 8, 0, 1),
(1512, 1058138, 1, 8, 0, 1),
(1513, 1058123, 1, 8, 0, 1),
(1514, 1058132, 1, 8, 0, 1),
(1515, 1058127, 1, 8, 0, 1),
(1516, 1058134, 1, 8, 0, 1),
(1517, 1058125, 1, 8, 0, 1),
(1518, 1058140, 1, 8, 0, 1),
(1519, 1058146, 1, 8, 0, 1),
(1520, 1058128, 1, 8, 0, 1),
(1521, 1058133, 1, 8, 0, 1),
(1522, 1058131, 1, 8, 0, 1),
(1523, 1058139, 1, 8, 0, 1),
(1524, 1058135, 1, 8, 0, 1),
(1525, 1058141, 1, 8, 0, 1),
(1526, 1058147, 1, 8, 0, 1),
(1527, 1058999, 1, 8, 0, 1),
(1528, 1058075, 1, 8, 0, 1),
(1529, 1058076, 1, 8, 0, 1),
(1530, 1057054, 1, 8, 0, 1),
(1531, 1057055, 1, 8, 0, 1),
(1532, 1058142, 1, 8, 0, 1),
(1533, 1058144, 1, 8, 0, 1),
(1534, 1058145, 1, 8, 0, 1),
(1535, 1058158, 1, 8, 0, 1),
(1536, 1058159, 1, 8, 0, 1),
(1537, 1058160, 1, 8, 0, 1),
(1538, 1058161, 1, 8, 0, 1),
(1539, 1058162, 1, 8, 0, 1),
(1540, 1058163, 1, 8, 0, 1),
(1541, 1058164, 1, 8, 0, 1),
(1542, 1058165, 1, 8, 0, 1),
(1543, 1058166, 1, 8, 0, 1),
(1544, 1058167, 1, 8, 0, 1),
(1545, 1058168, 1, 8, 0, 1),
(1546, 1058169, 1, 8, 0, 1),
(1547, 1058170, 1, 8, 0, 1),
(1548, 1058171, 1, 8, 0, 1),
(1549, 1058172, 1, 8, 0, 1),
(1550, 1058173, 1, 8, 0, 1),
(1551, 1058174, 1, 8, 0, 1),
(1552, 1058175, 1, 8, 0, 1),
(1553, 1058176, 1, 8, 0, 1),
(1554, 1058177, 1, 8, 0, 1),
(1555, 1058184, 1, 8, 0, 1),
(1556, 1058185, 1, 8, 0, 1),
(1557, 1058178, 1, 8, 0, 1),
(1558, 1058179, 1, 8, 0, 1),
(1559, 1058180, 1, 8, 0, 1),
(1560, 1058181, 1, 8, 0, 1),
(1561, 1058186, 1, 8, 0, 1),
(1562, 1058187, 1, 8, 0, 1),
(1563, 1058182, 1, 8, 0, 1),
(1564, 1058183, 1, 8, 0, 1),
(1565, 1058188, 1, 8, 0, 1),
(1566, 1058189, 1, 8, 0, 1),
(1567, 1058190, 1, 8, 0, 1),
(1568, 1058191, 1, 8, 0, 1),
(1569, 1058192, 1, 8, 0, 1),
(1570, 1058193, 1, 8, 0, 1),
(1571, 1058194, 1, 8, 0, 1),
(1572, 1058195, 1, 8, 0, 1),
(1573, 1058196, 1, 8, 0, 1),
(1574, 1058198, 1, 8, 0, 1),
(1575, 1058202, 1, 8, 0, 1),
(1576, 1058203, 1, 8, 0, 1),
(1577, 1058204, 1, 8, 0, 1),
(1578, 1058205, 1, 8, 0, 1),
(1579, 1058206, 1, 8, 0, 1),
(1580, 1058207, 1, 8, 0, 1),
(1581, 1058208, 1, 8, 0, 1),
(1582, 1058209, 1, 8, 0, 1),
(1583, 1058210, 1, 8, 0, 1),
(1584, 1058211, 1, 8, 0, 1),
(1585, 1058212, 1, 8, 0, 1),
(1586, 1058213, 1, 8, 0, 1),
(1587, 1058221, 1, 8, 0, 1),
(1588, 1058222, 1, 8, 0, 1),
(1589, 1058223, 1, 8, 0, 1),
(1590, 1058224, 1, 8, 0, 1),
(1591, 1058225, 1, 8, 0, 1),
(1592, 1058226, 1, 8, 0, 1),
(1593, 1058227, 1, 8, 0, 1),
(1594, 1058228, 1, 8, 0, 1),
(1595, 1051018, 1, 8, 0, 1),
(1596, 1051017, 1, 8, 0, 1),
(1597, 1051016, 1, 8, 0, 1),
(1598, 1051015, 1, 8, 0, 1),
(1599, 1051011, 1, 8, 0, 1),
(1600, 1051010, 1, 8, 0, 1),
(1601, 1051009, 1, 8, 0, 1),
(1602, 1051008, 1, 8, 0, 1),
(1603, 1051007, 1, 8, 0, 1),
(1604, 1051006, 1, 8, 0, 1),
(1605, 1051003, 1, 8, 0, 1),
(1606, 1051002, 1, 8, 0, 1),
(1607, 1051001, 1, 8, 0, 1),
(1608, 1050067, 1, 8, 0, 1),
(1609, 1050066, 1, 8, 0, 1),
(1610, 1050065, 1, 8, 0, 1),
(1611, 1050064, 1, 8, 0, 1),
(1612, 1050063, 1, 8, 0, 1),
(1613, 1050062, 1, 8, 0, 1),
(1614, 1050061, 1, 8, 0, 1),
(1615, 1050060, 1, 8, 0, 1),
(1616, 1050059, 1, 8, 0, 1),
(1617, 1050058, 1, 8, 0, 1),
(1618, 1050057, 1, 8, 0, 1),
(1619, 1050056, 1, 8, 0, 1),
(1620, 1050055, 1, 8, 0, 1),
(1621, 1050054, 1, 8, 0, 1),
(1622, 1050052, 1, 8, 0, 1),
(1623, 1050051, 1, 8, 0, 1),
(1624, 1050049, 1, 8, 0, 1),
(1625, 1050048, 1, 8, 0, 1),
(1626, 1050047, 1, 8, 0, 1),
(1627, 1050046, 1, 8, 0, 1),
(1628, 1050045, 1, 8, 0, 1),
(1629, 1050044, 1, 8, 0, 1),
(1630, 1050043, 1, 8, 0, 1),
(1631, 1050042, 1, 8, 0, 1),
(1632, 1050041, 1, 8, 0, 1),
(1633, 1050040, 1, 8, 0, 1),
(1634, 1050039, 1, 8, 0, 1),
(1635, 1050038, 1, 8, 0, 1),
(1636, 1050037, 1, 8, 0, 1),
(1637, 1050036, 1, 8, 0, 1),
(1638, 1050035, 1, 8, 0, 1),
(1639, 1050034, 1, 8, 0, 1),
(1640, 1050033, 1, 8, 0, 1),
(1641, 1050032, 1, 8, 0, 1),
(1642, 1050031, 1, 8, 0, 1),
(1643, 1050030, 1, 8, 0, 1),
(1644, 1050029, 1, 8, 0, 1),
(1645, 1050028, 1, 8, 0, 1),
(1646, 1050027, 1, 8, 0, 1),
(1647, 1050026, 1, 8, 0, 1),
(1648, 1050025, 1, 8, 0, 1),
(1649, 1050024, 1, 8, 0, 1),
(1650, 1050023, 1, 8, 0, 1),
(1651, 1050022, 1, 8, 0, 1),
(1652, 1050021, 1, 8, 0, 1),
(1653, 1050020, 1, 8, 0, 1),
(1654, 1050019, 1, 8, 0, 1),
(1655, 1050018, 1, 8, 0, 1),
(1656, 1050017, 1, 8, 0, 1),
(1657, 1050016, 1, 8, 0, 1),
(1658, 1050015, 1, 8, 0, 1),
(1659, 1050014, 1, 8, 0, 1),
(1660, 1050013, 1, 8, 0, 1),
(1661, 1050012, 1, 8, 0, 1),
(1662, 1050011, 1, 8, 0, 1),
(1663, 1050010, 1, 8, 0, 1),
(1664, 1050009, 1, 8, 0, 1),
(1665, 1050008, 1, 8, 0, 1),
(1666, 1050007, 1, 8, 0, 1),
(1667, 1050006, 1, 8, 0, 1),
(1668, 1050005, 1, 8, 0, 1),
(1669, 1050004, 1, 8, 0, 1),
(1670, 1050003, 1, 8, 0, 1),
(1671, 1050001, 1, 8, 0, 1),
(1672, 1050002, 1, 8, 0, 1),
(1673, 1068291, 1, 6, 0, 1),
(1674, 1068297, 1, 6, 0, 1),
(1675, 1068296, 1, 6, 0, 1),
(1676, 1068295, 1, 6, 0, 1),
(1677, 1068294, 1, 6, 0, 1),
(1678, 1068293, 1, 6, 0, 1),
(1679, 1068292, 1, 6, 0, 1),
(1680, 1068299, 1, 6, 0, 1),
(1681, 1068298, 1, 6, 0, 1),
(1682, 1068300, 1, 6, 0, 1),
(1683, 1068301, 1, 6, 0, 1),
(1684, 1068302, 1, 6, 0, 1),
(1685, 1068303, 1, 6, 0, 1),
(1686, 1067075, 1, 6, 0, 1),
(1687, 1067074, 1, 6, 0, 1),
(1688, 1067100, 1, 6, 0, 1),
(1689, 1067099, 1, 6, 0, 1),
(1690, 1067021, 1, 6, 0, 1),
(1691, 1067999, 1, 6, 0, 1),
(1692, 1068009, 1, 6, 0, 1),
(1693, 1068016, 1, 6, 0, 1),
(1694, 1068010, 1, 6, 0, 1),
(1695, 1068029, 1, 6, 0, 1),
(1696, 1068037, 1, 6, 0, 1),
(1697, 1068030, 1, 6, 0, 1),
(1698, 1068043, 1, 6, 0, 1),
(1699, 1068044, 1, 6, 0, 1),
(1700, 1068047, 1, 6, 0, 1),
(1701, 1068038, 1, 6, 0, 1),
(1702, 1068049, 1, 6, 0, 1),
(1703, 1068040, 1, 6, 0, 1),
(1704, 1068057, 1, 6, 0, 1),
(1705, 1068067, 1, 6, 0, 1),
(1706, 1068045, 1, 6, 0, 1),
(1707, 1068059, 1, 6, 0, 1),
(1708, 1068149, 1, 6, 0, 1),
(1709, 1068048, 1, 6, 0, 1),
(1710, 1068065, 1, 6, 0, 1),
(1711, 1068058, 1, 6, 0, 1),
(1712, 1068069, 1, 6, 0, 1),
(1713, 1068071, 1, 6, 0, 1),
(1714, 1068060, 1, 6, 0, 1),
(1715, 1068150, 1, 6, 0, 1),
(1716, 1068079, 1, 6, 0, 1),
(1717, 1068074, 1, 6, 0, 1),
(1718, 1068088, 1, 6, 0, 1),
(1719, 1068080, 1, 6, 0, 1),
(1720, 1067102, 1, 6, 0, 1),
(1721, 1068089, 1, 6, 0, 1),
(1722, 1068100, 1, 6, 0, 1),
(1723, 1068106, 1, 6, 0, 1),
(1724, 1068087, 1, 6, 0, 1),
(1725, 1068102, 1, 6, 0, 1),
(1726, 1068104, 1, 6, 0, 1),
(1727, 1067103, 1, 6, 0, 1),
(1728, 1068112, 1, 6, 0, 1),
(1729, 1068108, 1, 6, 0, 1),
(1730, 1068090, 1, 6, 0, 1),
(1731, 1068101, 1, 6, 0, 1),
(1732, 1068107, 1, 6, 0, 1),
(1733, 1068103, 1, 6, 0, 1),
(1734, 1068105, 1, 6, 0, 1),
(1735, 1068116, 1, 6, 0, 1),
(1736, 1068113, 1, 6, 0, 1),
(1737, 1068109, 1, 6, 0, 1),
(1738, 1068118, 1, 6, 0, 1),
(1739, 1068124, 1, 6, 0, 1),
(1740, 1068119, 1, 6, 0, 1),
(1741, 1068132, 1, 6, 0, 1),
(1742, 1068134, 1, 6, 0, 1),
(1743, 1068125, 1, 6, 0, 1),
(1744, 1068133, 1, 6, 0, 1),
(1745, 1067026, 1, 6, 0, 1),
(1746, 1067016, 1, 6, 0, 1),
(1747, 1067053, 1, 6, 0, 1),
(1748, 1067049, 1, 6, 0, 1),
(1749, 1068028, 1, 6, 0, 1),
(1750, 1068086, 1, 6, 0, 1),
(1751, 1068085, 1, 6, 0, 1),
(1752, 1068082, 1, 6, 0, 1),
(1753, 1068081, 1, 6, 0, 1),
(1754, 1068084, 1, 6, 0, 1),
(1755, 1068083, 1, 6, 0, 1),
(1756, 1067032, 1, 6, 0, 1),
(1757, 1067058, 1, 6, 0, 1),
(1758, 1067064, 1, 6, 0, 1),
(1759, 1067059, 1, 6, 0, 1),
(1760, 1067067, 1, 6, 0, 1),
(1761, 1067071, 1, 6, 0, 1),
(1762, 1067068, 1, 6, 0, 1),
(1763, 1067072, 1, 6, 0, 1),
(1764, 1068031, 1, 6, 0, 1),
(1765, 1068033, 1, 6, 0, 1),
(1766, 1068035, 1, 6, 0, 1),
(1767, 1068032, 1, 6, 0, 1),
(1768, 1068066, 1, 6, 0, 1),
(1769, 1068070, 1, 6, 0, 1),
(1770, 1067101, 1, 6, 0, 1),
(1771, 1067027, 1, 6, 0, 1),
(1772, 1067040, 1, 6, 0, 1),
(1773, 1067042, 1, 6, 0, 1),
(1774, 1067041, 1, 6, 0, 1),
(1775, 1068053, 1, 6, 0, 1),
(1776, 1068052, 1, 6, 0, 1),
(1777, 1067094, 1, 6, 0, 1),
(1778, 1068054, 1, 6, 0, 1),
(1779, 1067046, 1, 6, 0, 1),
(1780, 1067020, 1, 6, 0, 1),
(1781, 1067019, 1, 6, 0, 1),
(1782, 1067018, 1, 6, 0, 1),
(1783, 1067013, 1, 6, 0, 1),
(1784, 1067014, 1, 6, 0, 1),
(1785, 1067015, 1, 6, 0, 1),
(1786, 1067017, 1, 6, 0, 1),
(1787, 1067039, 1, 6, 0, 1),
(1788, 1067090, 1, 6, 0, 1),
(1789, 1067022, 1, 6, 0, 1),
(1790, 1068143, 1, 6, 0, 1),
(1791, 1068017, 1, 6, 0, 1),
(1792, 1067096, 1, 6, 0, 1),
(1793, 1067092, 1, 6, 0, 1),
(1794, 1068013, 1, 6, 0, 1),
(1795, 1067097, 1, 6, 0, 1),
(1796, 1068055, 1, 6, 0, 1),
(1797, 1068015, 1, 6, 0, 1),
(1798, 1068137, 1, 6, 0, 1),
(1799, 1067087, 1, 6, 0, 1),
(1800, 1067086, 1, 6, 0, 1),
(1801, 1068062, 1, 6, 0, 1),
(1802, 1068061, 1, 6, 0, 1),
(1803, 1068011, 1, 6, 0, 1),
(1804, 1068012, 1, 6, 0, 1),
(1805, 1067048, 1, 6, 0, 1),
(1806, 1067081, 1, 6, 0, 1),
(1807, 1067080, 1, 6, 0, 1),
(1808, 1068005, 1, 6, 0, 1),
(1809, 1067076, 1, 6, 0, 1),
(1810, 1067077, 1, 6, 0, 1),
(1811, 1067078, 1, 6, 0, 1),
(1812, 1067079, 1, 6, 0, 1),
(1813, 1067047, 1, 6, 0, 1),
(1814, 1068008, 1, 6, 0, 1),
(1815, 1068003, 1, 6, 0, 1),
(1816, 1067031, 1, 6, 0, 1),
(1817, 1067030, 1, 6, 0, 1),
(1818, 1067029, 1, 6, 0, 1),
(1819, 1068063, 1, 6, 0, 1),
(1820, 1068064, 1, 6, 0, 1),
(1821, 1067025, 1, 6, 0, 1),
(1822, 1067028, 1, 6, 0, 1),
(1823, 1067023, 1, 6, 0, 1),
(1824, 1067024, 1, 6, 0, 1),
(1825, 1067091, 1, 6, 0, 1),
(1826, 1068142, 1, 6, 0, 1),
(1827, 1067093, 1, 6, 0, 1),
(1828, 1067095, 1, 6, 0, 1),
(1829, 1068014, 1, 6, 0, 1),
(1830, 1067098, 1, 6, 0, 1),
(1831, 1068056, 1, 6, 0, 1),
(1832, 1068020, 1, 6, 0, 1),
(1833, 1068136, 1, 6, 0, 1),
(1834, 1068027, 1, 6, 0, 1),
(1835, 1067088, 1, 6, 0, 1),
(1836, 1067085, 1, 6, 0, 1),
(1837, 1067004, 1, 6, 0, 1),
(1838, 1067012, 1, 6, 0, 1),
(1839, 1068004, 1, 6, 0, 1),
(1840, 1067061, 1, 6, 0, 1),
(1841, 1067060, 1, 6, 0, 1),
(1842, 1068050, 1, 6, 0, 1),
(1843, 1068051, 1, 6, 0, 1),
(1844, 1067010, 1, 6, 0, 1),
(1845, 1067011, 1, 6, 0, 1),
(1846, 1067009, 1, 6, 0, 1),
(1847, 1067008, 1, 6, 0, 1),
(1848, 1067007, 1, 6, 0, 1),
(1849, 1067006, 1, 6, 0, 1),
(1850, 1067005, 1, 6, 0, 1),
(1851, 1067084, 1, 6, 0, 1),
(1852, 1067070, 1, 6, 0, 1),
(1853, 1067069, 1, 6, 0, 1),
(1854, 1067066, 1, 6, 0, 1),
(1855, 1067036, 1, 6, 0, 1),
(1856, 1067037, 1, 6, 0, 1),
(1857, 1067038, 1, 6, 0, 1),
(1858, 1067035, 1, 6, 0, 1),
(1859, 1067033, 1, 6, 0, 1),
(1860, 1067034, 1, 6, 0, 1),
(1861, 1068091, 1, 6, 0, 1),
(1862, 1068075, 1, 6, 0, 1),
(1863, 1067000, 1, 6, 0, 1),
(1864, 1067051, 1, 6, 0, 1),
(1865, 1068144, 1, 6, 0, 1),
(1866, 1068162, 1, 6, 0, 1),
(1867, 1068165, 1, 6, 0, 1),
(1868, 1068170, 1, 6, 0, 1),
(1869, 1068171, 1, 6, 0, 1),
(1870, 1068173, 1, 6, 0, 1),
(1871, 1068176, 1, 6, 0, 1),
(1872, 1068177, 1, 6, 0, 1),
(1873, 1068184, 1, 6, 0, 1),
(1874, 1068185, 1, 6, 0, 1),
(1875, 1068178, 1, 6, 0, 1),
(1876, 1068179, 1, 6, 0, 1),
(1877, 1068180, 1, 6, 0, 1),
(1878, 1068181, 1, 6, 0, 1),
(1879, 1068186, 1, 6, 0, 1),
(1880, 1068187, 1, 6, 0, 1),
(1881, 1068188, 1, 6, 0, 1),
(1882, 1068189, 1, 6, 0, 1),
(1883, 1068190, 1, 6, 0, 1),
(1884, 1068192, 1, 6, 0, 1),
(1885, 1068193, 1, 6, 0, 1),
(1886, 1068194, 1, 6, 0, 1),
(1887, 1068195, 1, 6, 0, 1),
(1888, 1068196, 1, 6, 0, 1);
INSERT INTO `shop_iteminfos` (`Id`, `ShopItemId`, `PriceGroupId`, `EffectGroupId`, `DiscountPercentage`, `IsEnabled`) VALUES
(1889, 1068198, 1, 6, 0, 1),
(1890, 1068199, 1, 6, 0, 1),
(1891, 1068200, 1, 6, 0, 1),
(1892, 1068201, 1, 6, 0, 1),
(1893, 1068202, 1, 6, 0, 1),
(1894, 1068203, 1, 6, 0, 1),
(1895, 1068210, 1, 6, 0, 1),
(1896, 1068211, 1, 6, 0, 1),
(1897, 1068212, 1, 6, 0, 1),
(1898, 1068214, 1, 6, 0, 1),
(1899, 1068215, 1, 6, 0, 1),
(1900, 1068216, 1, 6, 0, 1),
(1901, 1068217, 1, 6, 0, 1),
(1902, 1068218, 1, 6, 0, 1),
(1903, 1068219, 1, 6, 0, 1),
(1904, 1068220, 1, 6, 0, 1),
(1905, 1068223, 1, 6, 0, 1),
(1906, 1068224, 1, 6, 0, 1),
(1907, 1068227, 1, 6, 0, 1),
(1908, 1068228, 1, 6, 0, 1),
(1909, 1060088, 1, 6, 0, 1),
(1910, 1060087, 1, 6, 0, 1),
(1911, 1060086, 1, 6, 0, 1),
(1912, 1061017, 1, 6, 0, 1),
(1913, 1061016, 1, 6, 0, 1),
(1914, 1061015, 1, 6, 0, 1),
(1915, 1060085, 1, 6, 0, 1),
(1916, 1060084, 1, 6, 0, 1),
(1917, 1061014, 1, 6, 0, 1),
(1918, 1061013, 1, 6, 0, 1),
(1919, 1061012, 1, 6, 0, 1),
(1920, 1061011, 1, 6, 0, 1),
(1921, 1061010, 1, 6, 0, 1),
(1922, 1061009, 1, 6, 0, 1),
(1923, 1060083, 1, 6, 0, 1),
(1924, 1060082, 1, 6, 0, 1),
(1925, 1061008, 1, 6, 0, 1),
(1926, 1061005, 1, 6, 0, 1),
(1927, 1061004, 1, 6, 0, 1),
(1928, 1060081, 1, 6, 0, 1),
(1929, 1060080, 1, 6, 0, 1),
(1930, 1060079, 1, 6, 0, 1),
(1931, 1060078, 1, 6, 0, 1),
(1932, 1060077, 1, 6, 0, 1),
(1933, 1061003, 1, 6, 0, 1),
(1934, 1060075, 1, 6, 0, 1),
(1935, 1060074, 1, 6, 0, 1),
(1936, 1060072, 1, 6, 0, 1),
(1937, 1060071, 1, 6, 0, 1),
(1938, 1060070, 1, 6, 0, 1),
(1939, 1060069, 1, 6, 0, 1),
(1940, 1060068, 1, 6, 0, 1),
(1941, 1060067, 1, 6, 0, 1),
(1942, 1060066, 1, 6, 0, 1),
(1943, 1060065, 1, 6, 0, 1),
(1944, 1060064, 1, 6, 0, 1),
(1945, 1060063, 1, 6, 0, 1),
(1946, 1060062, 1, 6, 0, 1),
(1947, 1060061, 1, 6, 0, 1),
(1948, 1060060, 1, 6, 0, 1),
(1949, 1060059, 1, 6, 0, 1),
(1950, 1060058, 1, 6, 0, 1),
(1951, 1060057, 1, 6, 0, 1),
(1952, 1060056, 1, 6, 0, 1),
(1953, 1060055, 1, 6, 0, 1),
(1954, 1060054, 1, 6, 0, 1),
(1955, 1060053, 1, 6, 0, 1),
(1956, 1060052, 1, 6, 0, 1),
(1957, 1060051, 1, 6, 0, 1),
(1958, 1060050, 1, 6, 0, 1),
(1959, 1060049, 1, 6, 0, 1),
(1960, 1060048, 1, 6, 0, 1),
(1961, 1060047, 1, 6, 0, 1),
(1962, 1060046, 1, 6, 0, 1),
(1963, 1060045, 1, 6, 0, 1),
(1964, 1060044, 1, 6, 0, 1),
(1965, 1060043, 1, 6, 0, 1),
(1966, 1060042, 1, 6, 0, 1),
(1967, 1060041, 1, 6, 0, 1),
(1968, 1060040, 1, 6, 0, 1),
(1969, 1060039, 1, 6, 0, 1),
(1970, 1060032, 1, 6, 0, 1),
(1971, 1060031, 1, 6, 0, 1),
(1972, 1060030, 1, 6, 0, 1),
(1973, 1060029, 1, 6, 0, 1),
(1974, 1060028, 1, 6, 0, 1),
(1975, 1060027, 1, 6, 0, 1),
(1976, 1060026, 1, 6, 0, 1),
(1977, 1060025, 1, 6, 0, 1),
(1978, 1060024, 1, 6, 0, 1),
(1979, 1060023, 1, 6, 0, 1),
(1980, 1060022, 1, 6, 0, 1),
(1981, 1060021, 1, 6, 0, 1),
(1982, 1060020, 1, 6, 0, 1),
(1983, 1060019, 1, 6, 0, 1),
(1984, 1060018, 1, 6, 0, 1),
(1985, 1060017, 1, 6, 0, 1),
(1986, 1060016, 1, 6, 0, 1),
(1987, 1060015, 1, 6, 0, 1),
(1988, 1060014, 1, 6, 0, 1),
(1989, 1060013, 1, 6, 0, 1),
(1990, 1060012, 1, 6, 0, 1),
(1991, 1060011, 1, 6, 0, 1),
(1992, 1060010, 1, 6, 0, 1),
(1993, 1060009, 1, 6, 0, 1),
(1994, 1060008, 1, 6, 0, 1),
(1995, 1060007, 1, 6, 0, 1),
(1996, 1060006, 1, 6, 0, 1),
(1997, 1060005, 1, 6, 0, 1),
(1998, 1060004, 1, 6, 0, 1),
(1999, 1060003, 1, 6, 0, 1),
(2000, 1060002, 1, 6, 0, 1),
(2001, 1060001, 1, 6, 0, 1),
(2002, 1060000, 1, 6, 0, 1),
(2003, 1060038, 1, 6, 0, 1),
(2004, 1060037, 1, 6, 0, 1),
(2005, 1060036, 1, 6, 0, 1),
(2006, 1060035, 1, 6, 0, 1),
(2007, 1060034, 1, 6, 0, 1),
(2008, 1060033, 1, 6, 0, 1),
(2009, 2000000, 1, 1, 0, 1),
(2010, 2000001, 1, 1, 0, 1),
(2011, 2000002, 1, 1, 0, 1),
(2012, 2000003, 1, 1, 0, 1),
(2013, 2000004, 1, 1, 0, 1),
(2014, 2000005, 1, 1, 0, 1),
(2015, 2000006, 1, 1, 0, 1),
(2016, 2000007, 1, 1, 0, 1),
(2017, 2000008, 1, 1, 0, 1),
(2018, 2000009, 1, 1, 0, 1),
(2019, 2010000, 1, 1, 0, 1),
(2020, 2010001, 1, 1, 0, 1),
(2021, 2010002, 1, 1, 0, 1),
(2022, 2010003, 1, 1, 0, 1),
(2023, 2010004, 1, 1, 0, 1),
(2024, 2010005, 1, 1, 0, 1),
(2025, 2010006, 1, 1, 0, 1),
(2026, 2020000, 1, 1, 0, 1),
(2027, 2020001, 1, 1, 0, 1),
(2028, 2020002, 1, 1, 0, 1),
(2029, 2030000, 1, 1, 0, 1),
(2030, 2040000, 1, 1, 0, 1),
(2031, 2050000, 1, 1, 0, 1),
(2032, 2050001, 1, 1, 0, 1),
(2033, 2050002, 1, 1, 0, 1),
(2034, 2050003, 1, 1, 0, 1),
(2035, 2050004, 1, 1, 0, 1),
(2036, 2050005, 1, 1, 0, 1),
(2037, 2050006, 1, 1, 0, 1),
(2038, 2050007, 1, 1, 0, 1),
(2039, 2050008, 1, 1, 0, 1),
(2040, 2050009, 1, 1, 0, 1),
(2041, 2050010, 1, 1, 0, 1),
(2042, 2060000, 1, 1, 0, 1),
(2043, 2060001, 1, 1, 0, 1),
(2044, 2061000, 1, 1, 0, 1),
(2045, 2061001, 1, 1, 0, 1),
(2046, 2061002, 1, 1, 0, 1),
(2047, 2070000, 1, 1, 0, 1),
(2048, 2070001, 1, 1, 0, 1),
(2049, 2070002, 1, 1, 0, 1),
(2050, 2070003, 1, 1, 0, 1),
(2051, 2070004, 1, 1, 0, 1),
(2052, 2080000, 1, 1, 0, 1),
(2053, 2080001, 1, 1, 0, 1),
(2054, 2080002, 1, 1, 0, 1),
(2055, 2080003, 1, 1, 0, 1),
(2056, 2090000, 1, 1, 0, 1),
(2057, 2090001, 1, 1, 0, 1),
(2058, 2090002, 1, 1, 0, 1),
(2059, 2091000, 1, 1, 0, 1),
(2060, 2091001, 1, 1, 0, 1),
(2061, 2091002, 1, 1, 0, 1),
(2062, 2100000, 1, 1, 0, 1),
(2063, 2100001, 1, 1, 0, 1),
(2064, 2100002, 1, 1, 0, 1),
(2065, 2100003, 1, 1, 0, 1),
(2066, 2110000, 1, 1, 0, 1),
(2067, 2110001, 1, 1, 0, 1),
(2068, 2110002, 1, 1, 0, 1),
(2069, 2120000, 1, 1, 0, 1),
(2070, 2120001, 1, 1, 0, 1),
(2071, 2130000, 1, 1, 0, 1),
(2072, 2140000, 1, 1, 0, 1),
(2073, 2140001, 1, 1, 0, 1),
(2074, 2150000, 1, 1, 0, 1),
(2075, 2160000, 1, 1, 0, 1),
(2076, 2160001, 1, 1, 0, 1),
(2077, 2170000, 1, 1, 0, 1),
(2078, 2170001, 1, 1, 0, 1),
(2079, 2180000, 1, 1, 0, 1),
(2080, 2180001, 1, 1, 0, 1),
(2081, 2190000, 1, 1, 0, 1),
(2082, 2190001, 1, 1, 0, 1),
(2083, 2200000, 1, 1, 0, 1),
(2084, 2200001, 1, 1, 0, 1),
(2085, 2210000, 1, 1, 0, 1),
(2086, 2210001, 1, 1, 0, 1),
(2087, 2210002, 1, 1, 0, 1),
(2088, 2220000, 1, 1, 0, 1),
(2089, 2220001, 1, 1, 0, 1),
(2090, 2221000, 1, 1, 0, 1),
(2091, 2230000, 1, 1, 0, 1),
(2092, 2230001, 1, 1, 0, 1),
(2093, 2240000, 1, 1, 0, 1),
(2094, 2240001, 1, 1, 0, 1),
(2095, 3000000, 2, 3, 0, 1),
(2096, 3000001, 2, 2, 0, 1),
(2097, 3000002, 2, 4, 0, 1),
(2098, 3000003, 2, 5, 0, 1),
(2099, 3000004, 2, 1, 0, 1),
(2100, 3000005, 2, 1, 0, 1),
(2101, 3000006, 2, 1, 0, 1),
(2102, 3010001, 2, 1, 0, 1),
(2103, 3020001, 2, 1, 0, 1),
(2104, 3030001, 2, 1, 0, 1),
(2105, 3040001, 2, 1, 0, 1),
(2106, 3050001, 2, 1, 0, 1),
(2107, 3060001, 2, 1, 0, 1),
(2108, 3070001, 2, 1, 0, 1),
(2109, 3080001, 2, 1, 0, 1);

-- --------------------------------------------------------

--
-- Tabellenstruktur für Tabelle `shop_items`
--

CREATE TABLE IF NOT EXISTS `shop_items` (
  `Id` int(10) unsigned NOT NULL,
  `RequiredGender` tinyint(3) unsigned NOT NULL DEFAULT '0',
  `RequiredLicense` tinyint(3) unsigned NOT NULL DEFAULT '0',
  `Colors` tinyint(3) unsigned NOT NULL DEFAULT '0',
  `UniqueColors` tinyint(3) unsigned NOT NULL DEFAULT '0',
  `RequiredLevel` tinyint(3) unsigned NOT NULL DEFAULT '0',
  `LevelLimit` tinyint(3) unsigned NOT NULL DEFAULT '0',
  `RequiredMasterLevel` tinyint(3) unsigned NOT NULL DEFAULT '0',
  `IsOneTimeUse` tinyint(3) unsigned NOT NULL DEFAULT '0',
  `IsDestroyable` tinyint(3) unsigned NOT NULL DEFAULT '0',
  PRIMARY KEY (`Id`)
) ENGINE=InnoDB DEFAULT CHARSET=latin1;

--
-- Daten für Tabelle `shop_items`
--

INSERT INTO `shop_items` (`Id`, `RequiredGender`, `RequiredLicense`, `Colors`, `UniqueColors`, `RequiredLevel`, `LevelLimit`, `RequiredMasterLevel`, `IsOneTimeUse`, `IsDestroyable`) VALUES
(1000000, 1, 0, 8, 0, 0, 0, 0, 0, 1),
(1000001, 1, 0, 8, 0, 0, 0, 0, 0, 1),
(1000002, 2, 0, 8, 0, 0, 0, 0, 0, 1),
(1000003, 2, 0, 8, 0, 0, 0, 0, 0, 1),
(1000004, 2, 0, 8, 0, 0, 0, 0, 0, 1),
(1000005, 2, 0, 8, 0, 0, 0, 0, 0, 1),
(1000006, 2, 0, 8, 0, 0, 0, 0, 0, 1),
(1000007, 2, 0, 8, 0, 0, 0, 0, 0, 1),
(1000008, 2, 0, 8, 0, 0, 0, 0, 0, 1),
(1000009, 2, 0, 8, 0, 0, 0, 0, 0, 1),
(1000010, 2, 0, 8, 0, 0, 0, 0, 0, 1),
(1000011, 2, 0, 8, 0, 0, 0, 0, 0, 1),
(1000012, 1, 0, 8, 0, 0, 0, 0, 0, 1),
(1000013, 1, 0, 8, 0, 0, 0, 0, 0, 1),
(1000014, 1, 0, 8, 0, 0, 0, 0, 0, 1),
(1000015, 1, 0, 8, 0, 0, 0, 0, 0, 1),
(1000016, 1, 0, 8, 0, 0, 0, 0, 0, 1),
(1000017, 1, 0, 8, 0, 0, 0, 0, 0, 1),
(1000018, 1, 0, 8, 0, 0, 0, 0, 0, 1),
(1000019, 1, 0, 8, 0, 0, 0, 0, 0, 1),
(1000020, 1, 0, 8, 0, 0, 0, 0, 0, 1),
(1000021, 2, 0, 8, 0, 0, 0, 0, 0, 1),
(1000022, 1, 0, 8, 0, 0, 0, 0, 0, 1),
(1000023, 1, 0, 8, 0, 0, 0, 0, 0, 1),
(1000024, 2, 0, 8, 0, 0, 0, 0, 0, 1),
(1000025, 2, 0, 8, 0, 0, 0, 0, 0, 1),
(1000026, 1, 0, 8, 0, 0, 0, 0, 0, 1),
(1000027, 2, 0, 8, 0, 0, 0, 0, 0, 1),
(1000028, 2, 0, 8, 0, 0, 0, 0, 0, 1),
(1000030, 2, 0, 8, 0, 0, 0, 0, 0, 1),
(1000031, 1, 0, 8, 0, 0, 0, 0, 0, 1),
(1000032, 2, 0, 8, 0, 0, 0, 0, 0, 1),
(1000033, 1, 0, 8, 0, 0, 0, 0, 0, 1),
(1000034, 2, 0, 8, 0, 0, 0, 0, 0, 1),
(1000035, 1, 0, 8, 0, 0, 0, 0, 0, 1),
(1001001, 1, 0, 8, 0, 0, 0, 0, 0, 1),
(1001002, 2, 0, 8, 0, 0, 0, 0, 0, 1),
(1007000, 1, 0, 8, 0, 0, 0, 0, 0, 1),
(1007001, 1, 0, 8, 0, 0, 0, 0, 0, 1),
(1007002, 2, 0, 8, 0, 0, 0, 0, 0, 1),
(1007003, 2, 0, 8, 0, 0, 0, 0, 0, 1),
(1007004, 2, 0, 8, 0, 0, 0, 0, 0, 1),
(1007005, 2, 0, 8, 0, 0, 0, 0, 0, 1),
(1007006, 2, 0, 8, 0, 0, 0, 0, 0, 1),
(1007007, 2, 0, 8, 0, 0, 0, 0, 0, 1),
(1007008, 2, 0, 8, 0, 0, 0, 0, 0, 1),
(1007009, 2, 0, 8, 0, 0, 0, 0, 0, 1),
(1007010, 2, 0, 8, 0, 0, 0, 0, 0, 1),
(1007011, 2, 0, 8, 0, 0, 0, 0, 0, 1),
(1007012, 1, 0, 8, 0, 0, 0, 0, 0, 1),
(1007013, 1, 0, 8, 0, 0, 0, 0, 0, 1),
(1007014, 1, 0, 8, 0, 0, 0, 0, 0, 1),
(1007015, 1, 0, 8, 0, 0, 0, 0, 0, 1),
(1007016, 1, 0, 8, 0, 0, 0, 0, 0, 1),
(1007017, 1, 0, 8, 0, 0, 0, 0, 0, 1),
(1007018, 1, 0, 8, 0, 0, 0, 0, 0, 1),
(1007019, 1, 0, 8, 0, 0, 0, 0, 0, 1),
(1007020, 1, 0, 8, 0, 0, 0, 0, 0, 1),
(1007021, 2, 0, 8, 0, 0, 0, 0, 0, 1),
(1007022, 1, 0, 8, 0, 0, 0, 0, 0, 1),
(1007023, 1, 0, 8, 0, 0, 0, 0, 0, 1),
(1007024, 2, 0, 8, 0, 0, 0, 0, 0, 1),
(1007025, 2, 0, 8, 0, 0, 0, 0, 0, 1),
(1007026, 1, 0, 8, 0, 0, 0, 0, 0, 1),
(1007027, 2, 0, 8, 0, 0, 0, 0, 0, 1),
(1007028, 2, 0, 8, 0, 0, 0, 0, 0, 1),
(1007030, 2, 0, 8, 0, 0, 0, 0, 0, 1),
(1007031, 1, 0, 8, 0, 0, 0, 0, 0, 1),
(1007032, 2, 0, 8, 0, 0, 0, 0, 0, 1),
(1007033, 1, 0, 8, 0, 0, 0, 0, 0, 1),
(1007034, 2, 0, 8, 0, 0, 0, 0, 0, 1),
(1007035, 1, 0, 8, 0, 0, 0, 0, 0, 1),
(1008001, 1, 0, 8, 0, 0, 0, 0, 0, 1),
(1008002, 2, 0, 8, 0, 0, 0, 0, 0, 1),
(1008003, 1, 0, 8, 0, 0, 0, 0, 0, 1),
(1008034, 2, 0, 8, 0, 0, 0, 0, 0, 1),
(1008036, 2, 0, 8, 0, 0, 0, 0, 0, 1),
(1008039, 2, 0, 8, 0, 0, 0, 0, 0, 1),
(1008041, 2, 0, 8, 0, 0, 0, 0, 0, 1),
(1008042, 1, 0, 8, 0, 0, 0, 0, 0, 1),
(1008043, 1, 0, 8, 0, 0, 0, 0, 0, 1),
(1008050, 1, 0, 8, 0, 0, 0, 0, 0, 1),
(1008051, 2, 0, 8, 0, 0, 0, 0, 0, 1),
(1008061, 1, 0, 8, 0, 0, 0, 0, 0, 1),
(1008062, 2, 0, 8, 0, 0, 0, 0, 0, 1),
(1008068, 2, 0, 8, 0, 0, 0, 0, 0, 1),
(1008072, 2, 0, 8, 0, 0, 0, 0, 0, 1),
(1008073, 1, 0, 8, 0, 0, 0, 0, 0, 1),
(1008077, 1, 0, 8, 0, 0, 0, 0, 0, 1),
(1008078, 2, 0, 8, 0, 0, 0, 0, 0, 1),
(1008082, 2, 0, 8, 0, 0, 0, 0, 0, 1),
(1008083, 1, 0, 8, 0, 0, 0, 0, 0, 1),
(1008086, 2, 0, 8, 0, 0, 0, 0, 0, 1),
(1008108, 1, 0, 8, 0, 0, 0, 0, 0, 1),
(1008109, 2, 0, 8, 0, 0, 0, 0, 0, 1),
(1008110, 1, 0, 8, 0, 0, 0, 0, 0, 1),
(1008111, 2, 0, 8, 0, 0, 0, 0, 0, 1),
(1008112, 1, 0, 8, 0, 0, 0, 0, 0, 1),
(1008113, 2, 0, 8, 0, 0, 0, 0, 0, 1),
(1008114, 1, 0, 8, 0, 0, 0, 0, 0, 1),
(1008115, 2, 0, 8, 0, 0, 0, 0, 0, 1),
(1008117, 2, 0, 8, 0, 0, 0, 0, 0, 1),
(1008118, 1, 0, 8, 0, 0, 0, 0, 0, 1),
(1008119, 2, 0, 8, 0, 0, 0, 0, 0, 1),
(1008122, 1, 0, 8, 0, 0, 0, 0, 0, 1),
(1008123, 2, 0, 8, 0, 0, 0, 0, 0, 1),
(1008126, 1, 0, 8, 0, 0, 0, 0, 0, 1),
(1008127, 2, 0, 8, 0, 0, 0, 0, 0, 1),
(1008128, 2, 0, 8, 0, 0, 0, 0, 0, 1),
(1008130, 1, 0, 8, 0, 0, 0, 0, 0, 1),
(1008131, 2, 0, 8, 0, 0, 0, 0, 0, 1),
(1008135, 2, 0, 8, 0, 0, 0, 0, 0, 1),
(1008138, 1, 0, 8, 0, 0, 0, 0, 0, 1),
(1008139, 2, 0, 8, 0, 0, 0, 0, 0, 1),
(1008140, 1, 0, 8, 0, 0, 0, 0, 0, 1),
(1008141, 2, 0, 8, 0, 0, 0, 0, 0, 1),
(1008142, 1, 0, 8, 0, 0, 0, 0, 0, 1),
(1008145, 2, 0, 8, 0, 0, 0, 0, 0, 1),
(1008146, 1, 0, 8, 0, 0, 0, 0, 0, 1),
(1008147, 2, 0, 8, 0, 0, 0, 0, 0, 1),
(1008148, 1, 0, 8, 0, 0, 0, 0, 0, 1),
(1008149, 1, 0, 8, 0, 0, 0, 0, 0, 1),
(1008150, 1, 0, 8, 0, 0, 0, 0, 0, 1),
(1008151, 1, 0, 8, 0, 0, 0, 0, 0, 1),
(1008152, 1, 0, 8, 0, 0, 0, 0, 0, 1),
(1008153, 2, 0, 8, 0, 0, 0, 0, 0, 1),
(1008154, 2, 0, 8, 0, 0, 0, 0, 0, 1),
(1008155, 2, 0, 8, 0, 0, 0, 0, 0, 1),
(1008156, 2, 0, 8, 0, 0, 0, 0, 0, 1),
(1008157, 2, 0, 8, 0, 0, 0, 0, 0, 1),
(1008158, 1, 0, 8, 0, 0, 0, 0, 0, 1),
(1008159, 2, 0, 8, 0, 0, 0, 0, 0, 1),
(1008160, 1, 0, 8, 0, 0, 0, 0, 0, 1),
(1008161, 2, 0, 8, 0, 0, 0, 0, 0, 1),
(1008162, 1, 0, 8, 0, 0, 0, 0, 0, 1),
(1008163, 2, 0, 8, 0, 0, 0, 0, 0, 1),
(1008164, 1, 0, 8, 0, 0, 0, 0, 0, 1),
(1008166, 1, 0, 8, 0, 0, 0, 0, 0, 1),
(1008167, 2, 0, 8, 0, 0, 0, 0, 0, 1),
(1008168, 1, 0, 8, 0, 0, 0, 0, 0, 1),
(1008169, 2, 0, 8, 0, 0, 0, 0, 0, 1),
(1008170, 1, 0, 8, 0, 0, 0, 0, 0, 1),
(1008171, 2, 0, 8, 0, 0, 0, 0, 0, 1),
(1008172, 1, 0, 8, 0, 0, 0, 0, 0, 1),
(1008174, 1, 0, 8, 0, 0, 0, 0, 0, 1),
(1008175, 2, 0, 8, 0, 0, 0, 0, 0, 1),
(1008178, 1, 0, 8, 0, 0, 0, 0, 0, 1),
(1008179, 2, 0, 8, 0, 0, 0, 0, 0, 1),
(1008182, 1, 0, 8, 0, 0, 0, 0, 0, 1),
(1008183, 2, 0, 8, 0, 0, 0, 0, 0, 1),
(1008190, 1, 0, 8, 0, 0, 0, 0, 0, 1),
(1008191, 2, 0, 8, 0, 0, 0, 0, 0, 1),
(1008194, 1, 0, 8, 0, 0, 0, 0, 0, 1),
(1008195, 2, 0, 8, 0, 0, 0, 0, 0, 1),
(1008196, 1, 0, 8, 0, 0, 0, 0, 0, 1),
(1008204, 1, 0, 8, 0, 0, 0, 0, 0, 1),
(1008205, 2, 0, 8, 0, 0, 0, 0, 0, 1),
(1008206, 1, 0, 8, 0, 0, 0, 0, 0, 1),
(1008207, 2, 0, 8, 0, 0, 0, 0, 0, 1),
(1008208, 1, 0, 8, 0, 0, 0, 0, 0, 1),
(1008209, 2, 0, 8, 0, 0, 0, 0, 0, 1),
(1008213, 2, 0, 8, 0, 0, 0, 0, 0, 1),
(1008221, 1, 0, 8, 0, 0, 0, 0, 0, 1),
(1008222, 2, 0, 8, 0, 0, 0, 0, 0, 1),
(1008224, 2, 0, 8, 0, 0, 0, 0, 0, 1),
(1008225, 1, 0, 8, 0, 0, 0, 0, 0, 1),
(1008226, 2, 0, 8, 0, 0, 0, 0, 0, 1),
(1008227, 1, 0, 8, 0, 0, 0, 0, 0, 1),
(1008228, 2, 0, 8, 0, 0, 0, 0, 0, 1),
(1010001, 2, 0, 8, 0, 0, 0, 0, 0, 1),
(1010002, 2, 0, 8, 0, 0, 0, 0, 0, 1),
(1010003, 1, 0, 8, 0, 0, 0, 0, 0, 1),
(1010004, 1, 0, 8, 0, 0, 0, 0, 0, 1),
(1010005, 2, 0, 8, 0, 0, 0, 0, 0, 1),
(1010006, 2, 0, 8, 0, 0, 0, 0, 0, 1),
(1010007, 2, 0, 8, 0, 0, 0, 0, 0, 1),
(1010008, 2, 0, 8, 0, 0, 0, 0, 0, 1),
(1010009, 2, 0, 8, 0, 0, 0, 0, 0, 1),
(1010010, 2, 0, 8, 0, 0, 0, 0, 0, 1),
(1010011, 2, 0, 8, 0, 0, 0, 0, 0, 1),
(1010012, 2, 0, 8, 0, 0, 0, 0, 0, 1),
(1010013, 2, 0, 8, 0, 0, 0, 0, 0, 1),
(1010014, 1, 0, 8, 0, 0, 0, 0, 0, 1),
(1010015, 1, 0, 8, 0, 0, 0, 0, 0, 1),
(1010016, 1, 0, 8, 0, 0, 0, 0, 0, 1),
(1010017, 1, 0, 8, 0, 0, 0, 0, 0, 1),
(1010018, 1, 0, 8, 0, 0, 0, 0, 0, 1),
(1010019, 1, 0, 8, 0, 0, 0, 0, 0, 1),
(1010020, 1, 0, 8, 0, 0, 0, 0, 0, 1),
(1010022, 1, 0, 8, 0, 0, 0, 0, 0, 1),
(1010023, 2, 0, 8, 0, 0, 0, 0, 0, 1),
(1010024, 1, 0, 8, 0, 0, 0, 0, 0, 1),
(1010025, 2, 0, 8, 0, 0, 0, 0, 0, 1),
(1010026, 1, 0, 8, 0, 0, 0, 0, 0, 1),
(1010028, 2, 0, 8, 0, 0, 0, 0, 0, 1),
(1010031, 2, 0, 8, 0, 0, 0, 0, 0, 1),
(1010032, 1, 0, 8, 0, 0, 0, 0, 0, 1),
(1010033, 1, 0, 8, 0, 0, 0, 0, 0, 1),
(1010034, 2, 0, 8, 0, 0, 0, 0, 0, 1),
(1010035, 2, 0, 8, 0, 0, 0, 0, 0, 1),
(1011001, 1, 0, 8, 0, 0, 0, 0, 0, 1),
(1011002, 2, 0, 8, 0, 0, 0, 0, 0, 1),
(1017001, 2, 0, 8, 0, 0, 0, 0, 0, 1),
(1017002, 2, 0, 8, 0, 0, 0, 0, 0, 1),
(1017003, 1, 0, 8, 0, 0, 0, 0, 0, 1),
(1017004, 1, 0, 8, 0, 0, 0, 0, 0, 1),
(1017005, 2, 0, 8, 0, 0, 0, 0, 0, 1),
(1017006, 2, 0, 8, 0, 0, 0, 0, 0, 1),
(1017007, 2, 0, 8, 0, 0, 0, 0, 0, 1),
(1017008, 2, 0, 8, 0, 0, 0, 0, 0, 1),
(1017009, 2, 0, 8, 0, 0, 0, 0, 0, 1),
(1017010, 2, 0, 8, 0, 0, 0, 0, 0, 1),
(1017011, 2, 0, 8, 0, 0, 0, 0, 0, 1),
(1017012, 2, 0, 8, 0, 0, 0, 0, 0, 1),
(1017013, 2, 0, 8, 0, 0, 0, 0, 0, 1),
(1017014, 1, 0, 8, 0, 0, 0, 0, 0, 1),
(1017015, 1, 0, 8, 0, 0, 0, 0, 0, 1),
(1017016, 1, 0, 8, 0, 0, 0, 0, 0, 1),
(1017017, 1, 0, 8, 0, 0, 0, 0, 0, 1),
(1017018, 1, 0, 8, 0, 0, 0, 0, 0, 1),
(1017019, 1, 0, 8, 0, 0, 0, 0, 0, 1),
(1017020, 1, 0, 8, 0, 0, 0, 0, 0, 1),
(1017022, 1, 0, 8, 0, 0, 0, 0, 0, 1),
(1017023, 2, 0, 8, 0, 0, 0, 0, 0, 1),
(1017024, 1, 0, 8, 0, 0, 0, 0, 0, 1),
(1017025, 2, 0, 8, 0, 0, 0, 0, 0, 1),
(1017026, 1, 0, 8, 0, 0, 0, 0, 0, 1),
(1017028, 2, 0, 8, 0, 0, 0, 0, 0, 1),
(1017031, 2, 0, 8, 0, 0, 0, 0, 0, 1),
(1017032, 1, 0, 8, 0, 0, 0, 0, 0, 1),
(1017033, 1, 0, 8, 0, 0, 0, 0, 0, 1),
(1017034, 2, 0, 8, 0, 0, 0, 0, 0, 1),
(1017035, 2, 0, 8, 0, 0, 0, 0, 0, 1),
(1017036, 1, 0, 8, 0, 0, 0, 0, 0, 1),
(1017037, 2, 0, 8, 0, 0, 0, 0, 0, 1),
(1017055, 2, 0, 8, 0, 0, 0, 0, 0, 1),
(1017056, 2, 0, 8, 0, 0, 0, 0, 0, 1),
(1018001, 1, 0, 8, 0, 0, 0, 0, 0, 1),
(1018002, 2, 0, 8, 0, 0, 0, 0, 0, 1),
(1018100, 1, 0, 8, 0, 0, 0, 0, 0, 1),
(1018101, 2, 0, 8, 0, 0, 0, 0, 0, 1),
(1018106, 1, 0, 8, 0, 0, 0, 0, 0, 1),
(1018107, 2, 0, 8, 0, 0, 0, 0, 0, 1),
(1018114, 1, 0, 8, 0, 0, 0, 0, 0, 1),
(1018115, 2, 0, 8, 0, 0, 0, 0, 0, 1),
(1018118, 1, 0, 8, 0, 0, 0, 0, 0, 1),
(1018119, 2, 0, 8, 0, 0, 0, 0, 0, 1),
(1018126, 1, 0, 8, 0, 0, 0, 0, 0, 1),
(1018127, 2, 0, 8, 0, 0, 0, 0, 0, 1),
(1018129, 1, 0, 8, 0, 0, 0, 0, 0, 1),
(1018130, 1, 0, 8, 0, 0, 0, 0, 0, 1),
(1018131, 2, 0, 8, 0, 0, 0, 0, 0, 1),
(1018138, 1, 0, 8, 0, 0, 0, 0, 0, 1),
(1018139, 2, 0, 8, 0, 0, 0, 0, 0, 1),
(1018140, 1, 0, 8, 0, 0, 0, 0, 0, 1),
(1018141, 2, 0, 8, 0, 0, 0, 0, 0, 1),
(1018146, 1, 0, 8, 0, 0, 0, 0, 0, 1),
(1018147, 2, 0, 8, 0, 0, 0, 0, 0, 1),
(1018148, 1, 0, 8, 0, 0, 0, 0, 0, 1),
(1018149, 1, 0, 8, 0, 0, 0, 0, 0, 1),
(1018150, 2, 0, 8, 0, 0, 0, 0, 0, 1),
(1018163, 2, 0, 8, 0, 0, 0, 0, 0, 1),
(1018166, 1, 0, 8, 0, 0, 0, 0, 0, 1),
(1018167, 2, 0, 8, 0, 0, 0, 0, 0, 1),
(1018168, 1, 0, 8, 0, 0, 0, 0, 0, 1),
(1018169, 2, 0, 8, 0, 0, 0, 0, 0, 1),
(1018170, 1, 0, 8, 0, 0, 0, 0, 0, 1),
(1018171, 2, 0, 8, 0, 0, 0, 0, 0, 1),
(1018178, 1, 0, 8, 0, 0, 0, 0, 0, 1),
(1018179, 2, 0, 8, 0, 0, 0, 0, 0, 1),
(1018180, 1, 0, 8, 0, 0, 0, 0, 0, 1),
(1018181, 2, 0, 8, 0, 0, 0, 0, 0, 1),
(1018182, 1, 0, 8, 0, 0, 0, 0, 0, 1),
(1018183, 2, 0, 8, 0, 0, 0, 0, 0, 1),
(1018191, 2, 0, 8, 0, 0, 0, 0, 0, 1),
(1018194, 1, 0, 8, 0, 0, 0, 0, 0, 1),
(1018195, 2, 0, 8, 0, 0, 0, 0, 0, 1),
(1018210, 1, 0, 8, 0, 0, 0, 0, 0, 1),
(1018211, 2, 0, 8, 0, 0, 0, 0, 0, 1),
(1018223, 1, 0, 8, 0, 0, 0, 0, 0, 1),
(1018227, 1, 0, 8, 0, 0, 0, 0, 0, 1),
(1018228, 2, 0, 8, 0, 0, 0, 0, 0, 1),
(1020000, 1, 0, 8, 0, 0, 0, 0, 0, 1),
(1020001, 2, 0, 8, 0, 0, 0, 0, 0, 1),
(1020002, 1, 0, 8, 0, 0, 0, 0, 0, 1),
(1020003, 2, 0, 8, 0, 0, 0, 0, 0, 1),
(1020004, 2, 0, 8, 0, 0, 0, 0, 0, 1),
(1020005, 2, 0, 8, 0, 0, 0, 0, 0, 1),
(1020006, 2, 0, 8, 0, 0, 0, 0, 0, 1),
(1020007, 2, 0, 8, 0, 0, 0, 0, 0, 1),
(1020008, 2, 0, 8, 0, 0, 0, 0, 0, 1),
(1020009, 2, 0, 8, 0, 0, 0, 0, 0, 1),
(1020010, 2, 0, 8, 0, 0, 0, 0, 0, 1),
(1020011, 2, 0, 8, 0, 0, 0, 0, 0, 1),
(1020012, 2, 0, 8, 0, 0, 0, 0, 0, 1),
(1020013, 2, 0, 8, 0, 0, 0, 0, 0, 1),
(1020014, 2, 0, 8, 0, 0, 0, 0, 0, 1),
(1020015, 2, 0, 8, 0, 0, 0, 0, 0, 1),
(1020016, 2, 0, 8, 0, 0, 0, 0, 0, 1),
(1020017, 2, 0, 8, 0, 0, 0, 0, 0, 1),
(1020018, 2, 0, 8, 0, 0, 0, 0, 0, 1),
(1020019, 2, 0, 8, 0, 0, 0, 0, 0, 1),
(1020020, 2, 0, 8, 0, 0, 0, 0, 0, 1),
(1020021, 2, 0, 8, 0, 0, 0, 0, 0, 1),
(1020022, 2, 0, 8, 0, 0, 0, 0, 0, 1),
(1020024, 1, 0, 8, 0, 0, 0, 0, 0, 1),
(1020025, 1, 0, 8, 0, 0, 0, 0, 0, 1),
(1020026, 1, 0, 8, 0, 0, 0, 0, 0, 1),
(1020027, 1, 0, 8, 0, 0, 0, 0, 0, 1),
(1020028, 1, 0, 8, 0, 0, 0, 0, 0, 1),
(1020029, 1, 0, 8, 0, 0, 0, 0, 0, 1),
(1020030, 1, 0, 8, 0, 0, 0, 0, 0, 1),
(1020031, 1, 0, 8, 0, 0, 0, 0, 0, 1),
(1020032, 1, 0, 8, 0, 0, 0, 0, 0, 1),
(1020033, 1, 0, 8, 0, 0, 0, 0, 0, 1),
(1020034, 1, 0, 8, 0, 0, 0, 0, 0, 1),
(1020035, 1, 0, 8, 0, 0, 0, 0, 0, 1),
(1020036, 1, 0, 8, 0, 0, 0, 0, 0, 1),
(1020037, 1, 0, 8, 0, 0, 0, 0, 0, 1),
(1020038, 1, 0, 8, 0, 0, 0, 0, 0, 1),
(1020039, 1, 0, 8, 0, 0, 0, 0, 0, 1),
(1020040, 1, 0, 8, 0, 0, 0, 0, 0, 1),
(1020041, 1, 0, 8, 0, 0, 0, 0, 0, 1),
(1020042, 1, 0, 8, 0, 0, 0, 0, 0, 1),
(1020043, 1, 0, 8, 0, 0, 0, 0, 0, 1),
(1020044, 2, 0, 8, 0, 0, 0, 0, 0, 1),
(1020045, 2, 0, 8, 0, 0, 0, 0, 0, 1),
(1020046, 1, 0, 8, 0, 0, 0, 0, 0, 1),
(1020047, 2, 0, 8, 0, 0, 0, 0, 0, 1),
(1020048, 1, 0, 8, 0, 0, 0, 0, 0, 1),
(1020049, 1, 0, 8, 0, 0, 0, 0, 0, 1),
(1020050, 2, 0, 8, 0, 0, 0, 0, 0, 1),
(1020051, 2, 0, 8, 0, 0, 0, 0, 0, 1),
(1020052, 1, 0, 8, 0, 0, 0, 0, 0, 1),
(1020053, 2, 0, 8, 0, 0, 0, 0, 0, 1),
(1020054, 1, 0, 8, 0, 0, 0, 0, 0, 1),
(1020055, 2, 0, 8, 0, 0, 0, 0, 0, 1),
(1020056, 1, 0, 8, 0, 0, 0, 0, 0, 1),
(1020058, 2, 0, 8, 0, 0, 0, 0, 0, 1),
(1020059, 1, 0, 8, 0, 0, 0, 0, 0, 1),
(1020061, 2, 0, 8, 0, 0, 0, 0, 0, 1),
(1020062, 2, 0, 8, 0, 0, 0, 0, 0, 1),
(1020063, 1, 0, 8, 0, 0, 0, 0, 0, 1),
(1020064, 1, 0, 8, 0, 0, 0, 0, 0, 1),
(1020065, 1, 0, 8, 0, 0, 0, 0, 0, 1),
(1020066, 2, 0, 8, 0, 0, 0, 0, 0, 1),
(1020067, 1, 0, 8, 0, 0, 0, 0, 0, 1),
(1020068, 2, 0, 8, 0, 0, 0, 0, 0, 1),
(1020069, 1, 0, 8, 0, 0, 0, 0, 0, 1),
(1020070, 2, 0, 8, 0, 0, 0, 0, 0, 1),
(1020071, 1, 0, 8, 0, 0, 0, 0, 0, 1),
(1020072, 1, 0, 8, 0, 0, 0, 0, 0, 1),
(1020073, 1, 0, 8, 0, 0, 0, 0, 0, 1),
(1020074, 1, 0, 8, 0, 0, 0, 0, 0, 1),
(1020075, 2, 0, 8, 0, 0, 0, 0, 0, 1),
(1020076, 2, 0, 8, 0, 0, 0, 0, 0, 1),
(1020077, 2, 0, 8, 0, 0, 0, 0, 0, 1),
(1021001, 1, 0, 8, 0, 0, 0, 0, 0, 1),
(1021002, 2, 0, 8, 0, 0, 0, 0, 0, 1),
(1021003, 2, 0, 8, 0, 0, 0, 0, 0, 1),
(1021004, 2, 0, 8, 0, 0, 0, 0, 0, 1),
(1021005, 1, 0, 8, 0, 0, 0, 0, 0, 1),
(1021006, 1, 0, 8, 0, 0, 0, 0, 0, 1),
(1021007, 2, 0, 8, 0, 0, 0, 0, 0, 1),
(1021008, 2, 0, 8, 0, 0, 0, 0, 0, 1),
(1021009, 1, 0, 8, 0, 0, 0, 0, 0, 1),
(1021010, 1, 0, 8, 0, 0, 0, 0, 0, 1),
(1021011, 2, 0, 8, 0, 0, 0, 0, 0, 1),
(1021015, 2, 0, 8, 0, 0, 0, 0, 0, 1),
(1021016, 1, 0, 8, 0, 0, 0, 0, 0, 1),
(1021017, 2, 0, 8, 0, 0, 0, 0, 0, 1),
(1021018, 1, 0, 8, 0, 0, 0, 0, 0, 1),
(1024000, 2, 0, 8, 0, 0, 0, 0, 0, 1),
(1027000, 1, 0, 8, 0, 0, 0, 0, 0, 1),
(1027001, 2, 0, 8, 0, 0, 0, 0, 0, 1),
(1027002, 1, 0, 8, 0, 0, 0, 0, 0, 1),
(1027003, 2, 0, 8, 0, 0, 0, 0, 0, 1),
(1027004, 2, 0, 8, 0, 0, 0, 0, 0, 1),
(1027005, 2, 0, 8, 0, 0, 0, 0, 0, 1),
(1027006, 2, 0, 8, 0, 0, 0, 0, 0, 1),
(1027007, 2, 0, 8, 0, 0, 0, 0, 0, 1),
(1027008, 2, 0, 8, 0, 0, 0, 0, 0, 1),
(1027009, 2, 0, 8, 0, 0, 0, 0, 0, 1),
(1027010, 2, 0, 8, 0, 0, 0, 0, 0, 1),
(1027011, 2, 0, 8, 0, 0, 0, 0, 0, 1),
(1027012, 2, 0, 8, 0, 0, 0, 0, 0, 1),
(1027013, 2, 0, 8, 0, 0, 0, 0, 0, 1),
(1027014, 2, 0, 8, 0, 0, 0, 0, 0, 1),
(1027015, 2, 0, 8, 0, 0, 0, 0, 0, 1),
(1027016, 2, 0, 8, 0, 0, 0, 0, 0, 1),
(1027017, 2, 0, 8, 0, 0, 0, 0, 0, 1),
(1027018, 2, 0, 8, 0, 0, 0, 0, 0, 1),
(1027019, 2, 0, 8, 0, 0, 0, 0, 0, 1),
(1027020, 2, 0, 8, 0, 0, 0, 0, 0, 1),
(1027021, 2, 0, 8, 0, 0, 0, 0, 0, 1),
(1027022, 2, 0, 8, 0, 0, 0, 0, 0, 1),
(1027024, 1, 0, 8, 0, 0, 0, 0, 0, 1),
(1027025, 1, 0, 8, 0, 0, 0, 0, 0, 1),
(1027026, 1, 0, 8, 0, 0, 0, 0, 0, 1),
(1027027, 1, 0, 8, 0, 0, 0, 0, 0, 1),
(1027028, 1, 0, 8, 0, 0, 0, 0, 0, 1),
(1027029, 1, 0, 8, 0, 0, 0, 0, 0, 1),
(1027030, 1, 0, 8, 0, 0, 0, 0, 0, 1),
(1027031, 1, 0, 8, 0, 0, 0, 0, 0, 1),
(1027032, 1, 0, 8, 0, 0, 0, 0, 0, 1),
(1027033, 1, 0, 8, 0, 0, 0, 0, 0, 1),
(1027034, 1, 0, 8, 0, 0, 0, 0, 0, 1),
(1027035, 1, 0, 8, 0, 0, 0, 0, 0, 1),
(1027036, 1, 0, 8, 0, 0, 0, 0, 0, 1),
(1027037, 1, 0, 8, 0, 0, 0, 0, 0, 1),
(1027038, 1, 0, 8, 0, 0, 0, 0, 0, 1),
(1027039, 1, 0, 8, 0, 0, 0, 0, 0, 1),
(1027040, 1, 0, 8, 0, 0, 0, 0, 0, 1),
(1027041, 1, 0, 8, 0, 0, 0, 0, 0, 1),
(1027042, 1, 0, 8, 0, 0, 0, 0, 0, 1),
(1027043, 1, 0, 8, 0, 0, 0, 0, 0, 1),
(1027044, 2, 0, 8, 0, 0, 0, 0, 0, 1),
(1027045, 2, 0, 8, 0, 0, 0, 0, 0, 1),
(1027046, 1, 0, 8, 0, 0, 0, 0, 0, 1),
(1027047, 2, 0, 8, 0, 0, 0, 0, 0, 1),
(1027048, 1, 0, 8, 0, 0, 0, 0, 0, 1),
(1027049, 1, 0, 8, 0, 0, 0, 0, 0, 1),
(1027050, 2, 0, 8, 0, 0, 0, 0, 0, 1),
(1027051, 2, 0, 8, 0, 0, 0, 0, 0, 1),
(1027052, 1, 0, 8, 0, 0, 0, 0, 0, 1),
(1027053, 2, 0, 8, 0, 0, 0, 0, 0, 1),
(1027054, 1, 0, 8, 0, 0, 0, 0, 0, 1),
(1027055, 2, 0, 8, 0, 0, 0, 0, 0, 1),
(1027056, 1, 0, 8, 0, 0, 0, 0, 0, 1),
(1027058, 2, 0, 8, 0, 0, 0, 0, 0, 1),
(1027059, 1, 0, 8, 0, 0, 0, 0, 0, 1),
(1027062, 2, 0, 8, 0, 0, 0, 0, 0, 1),
(1027063, 1, 0, 8, 0, 0, 0, 0, 0, 1),
(1027066, 2, 0, 8, 0, 0, 0, 0, 0, 1),
(1027067, 1, 0, 8, 0, 0, 0, 0, 0, 1),
(1027068, 2, 0, 8, 0, 0, 0, 0, 0, 1),
(1027069, 1, 0, 8, 0, 0, 0, 0, 0, 1),
(1027070, 2, 0, 8, 0, 0, 0, 0, 0, 1),
(1027071, 1, 0, 8, 0, 0, 0, 0, 0, 1),
(1027072, 1, 0, 8, 0, 0, 0, 0, 0, 1),
(1027073, 1, 0, 8, 0, 0, 0, 0, 0, 1),
(1027074, 1, 0, 8, 0, 0, 0, 0, 0, 1),
(1027075, 2, 0, 8, 0, 0, 0, 0, 0, 1),
(1027076, 2, 0, 8, 0, 0, 0, 0, 0, 1),
(1027077, 2, 0, 8, 0, 0, 0, 0, 0, 1),
(1028001, 1, 0, 8, 0, 0, 0, 0, 0, 1),
(1028002, 2, 0, 8, 0, 0, 0, 0, 0, 1),
(1028003, 2, 0, 8, 0, 0, 0, 0, 0, 1),
(1028004, 2, 0, 8, 0, 0, 0, 0, 0, 1),
(1028005, 1, 0, 8, 0, 0, 0, 0, 0, 1),
(1028006, 1, 0, 8, 0, 0, 0, 0, 0, 1),
(1028007, 2, 0, 8, 0, 0, 0, 0, 0, 1),
(1028008, 2, 0, 8, 0, 0, 0, 0, 0, 1),
(1028009, 1, 0, 8, 0, 0, 0, 0, 0, 1),
(1028010, 1, 0, 8, 0, 0, 0, 0, 0, 1),
(1028011, 2, 0, 8, 0, 0, 0, 0, 0, 1),
(1028015, 2, 0, 8, 0, 0, 0, 0, 0, 1),
(1028016, 1, 0, 8, 0, 0, 0, 0, 0, 1),
(1028017, 2, 0, 8, 0, 0, 0, 0, 0, 1),
(1028018, 1, 0, 8, 0, 0, 0, 0, 0, 1),
(1028019, 2, 0, 8, 0, 0, 0, 0, 0, 1),
(1028020, 1, 0, 8, 0, 0, 0, 0, 0, 1),
(1028021, 2, 0, 8, 0, 0, 0, 0, 0, 1),
(1028022, 1, 0, 8, 0, 0, 0, 0, 0, 1),
(1028023, 2, 0, 8, 0, 0, 0, 0, 0, 1),
(1028024, 1, 0, 8, 0, 0, 0, 0, 0, 1),
(1028027, 1, 0, 8, 0, 0, 0, 0, 0, 1),
(1028028, 2, 0, 8, 0, 0, 0, 0, 0, 1),
(1028029, 1, 0, 8, 0, 0, 0, 0, 0, 1),
(1028030, 2, 0, 8, 0, 0, 0, 0, 0, 1),
(1028031, 1, 0, 8, 0, 0, 0, 0, 0, 1),
(1028032, 2, 0, 8, 0, 0, 0, 0, 0, 1),
(1028033, 1, 0, 8, 0, 0, 0, 0, 0, 1),
(1028034, 2, 0, 8, 0, 0, 0, 0, 0, 1),
(1028035, 1, 0, 8, 0, 0, 0, 0, 0, 1),
(1028036, 2, 0, 8, 0, 0, 0, 0, 0, 1),
(1028037, 1, 0, 8, 0, 0, 0, 0, 0, 1),
(1028038, 2, 0, 8, 0, 0, 0, 0, 0, 1),
(1028039, 2, 0, 8, 0, 0, 0, 0, 0, 1),
(1028040, 2, 0, 8, 0, 0, 0, 0, 0, 1),
(1028041, 2, 0, 8, 0, 0, 0, 0, 0, 1),
(1028042, 1, 0, 8, 0, 0, 0, 0, 0, 1),
(1028043, 1, 0, 8, 0, 0, 0, 0, 0, 1),
(1028044, 1, 0, 8, 0, 0, 0, 0, 0, 1),
(1028045, 2, 0, 8, 0, 0, 0, 0, 0, 1),
(1028047, 1, 0, 8, 0, 0, 0, 0, 0, 1),
(1028048, 2, 0, 8, 0, 0, 0, 0, 0, 1),
(1028049, 1, 0, 8, 0, 0, 0, 0, 0, 1),
(1028050, 1, 0, 8, 0, 0, 0, 0, 0, 1),
(1028051, 2, 0, 8, 0, 0, 0, 0, 0, 1),
(1028057, 1, 0, 8, 0, 0, 0, 0, 0, 1),
(1028058, 2, 0, 8, 0, 0, 0, 0, 0, 1),
(1028059, 1, 0, 8, 0, 0, 0, 0, 0, 1),
(1028060, 2, 0, 8, 0, 0, 0, 0, 0, 1),
(1028061, 1, 0, 8, 0, 0, 0, 0, 0, 1),
(1028062, 2, 0, 8, 0, 0, 0, 0, 0, 1),
(1028065, 1, 0, 8, 0, 0, 0, 0, 0, 1),
(1028066, 2, 0, 8, 0, 0, 0, 0, 0, 1),
(1028067, 1, 0, 8, 0, 0, 0, 0, 0, 1),
(1028068, 2, 0, 8, 0, 0, 0, 0, 0, 1),
(1028069, 1, 0, 8, 0, 0, 0, 0, 0, 1),
(1028070, 2, 0, 8, 0, 0, 0, 0, 0, 1),
(1028071, 1, 0, 8, 0, 0, 0, 0, 0, 1),
(1028072, 2, 0, 8, 0, 0, 0, 0, 0, 1),
(1028073, 1, 0, 8, 0, 0, 0, 0, 0, 1),
(1028074, 2, 0, 8, 0, 0, 0, 0, 0, 1),
(1028077, 1, 0, 8, 0, 0, 0, 0, 0, 1),
(1028078, 2, 0, 8, 0, 0, 0, 0, 0, 1),
(1028079, 1, 0, 8, 0, 0, 0, 0, 0, 1),
(1028080, 2, 0, 8, 0, 0, 0, 0, 0, 1),
(1028081, 1, 0, 8, 0, 0, 0, 0, 0, 1),
(1028082, 2, 0, 8, 0, 0, 0, 0, 0, 1),
(1028083, 1, 0, 8, 0, 0, 0, 0, 0, 1),
(1028084, 2, 0, 8, 0, 0, 0, 0, 0, 1),
(1028085, 1, 0, 8, 0, 0, 0, 0, 0, 1),
(1028086, 2, 0, 8, 0, 0, 0, 0, 0, 1),
(1028087, 1, 0, 8, 0, 0, 0, 0, 0, 1),
(1028088, 2, 0, 8, 0, 0, 0, 0, 0, 1),
(1028089, 1, 0, 8, 0, 0, 0, 0, 0, 1),
(1028090, 2, 0, 8, 0, 0, 0, 0, 0, 1),
(1028100, 1, 0, 8, 0, 0, 0, 0, 0, 1),
(1028101, 2, 0, 8, 0, 0, 0, 0, 0, 1),
(1028102, 1, 0, 8, 0, 0, 0, 0, 0, 1),
(1028103, 2, 0, 8, 0, 0, 0, 0, 0, 1),
(1028104, 1, 0, 8, 0, 0, 0, 0, 0, 1),
(1028105, 2, 0, 8, 0, 0, 0, 0, 0, 1),
(1028106, 1, 0, 8, 0, 0, 0, 0, 0, 1),
(1028107, 2, 0, 8, 0, 0, 0, 0, 0, 1),
(1028108, 1, 0, 8, 0, 0, 0, 0, 0, 1),
(1028109, 2, 0, 8, 0, 0, 0, 0, 0, 1),
(1028110, 1, 0, 8, 0, 0, 0, 0, 0, 1),
(1028111, 2, 0, 8, 0, 0, 0, 0, 0, 1),
(1028112, 1, 0, 8, 0, 0, 0, 0, 0, 1),
(1028113, 2, 0, 8, 0, 0, 0, 0, 0, 1),
(1028114, 1, 0, 8, 0, 0, 0, 0, 0, 1),
(1028115, 2, 0, 8, 0, 0, 0, 0, 0, 1),
(1028116, 1, 0, 8, 0, 0, 0, 0, 0, 1),
(1028117, 2, 0, 8, 0, 0, 0, 0, 0, 1),
(1028118, 1, 0, 8, 0, 0, 0, 0, 0, 1),
(1028119, 2, 0, 8, 0, 0, 0, 0, 0, 1),
(1028122, 1, 0, 8, 0, 0, 0, 0, 0, 1),
(1028123, 2, 0, 8, 0, 0, 0, 0, 0, 1),
(1028124, 1, 0, 8, 0, 0, 0, 0, 0, 1),
(1028125, 2, 0, 8, 0, 0, 0, 0, 0, 1),
(1028126, 1, 0, 8, 0, 0, 0, 0, 0, 1),
(1028127, 2, 0, 8, 0, 0, 0, 0, 0, 1),
(1028128, 2, 0, 8, 0, 0, 0, 0, 0, 1),
(1028129, 1, 0, 8, 0, 0, 0, 0, 0, 1),
(1028130, 1, 0, 8, 0, 0, 0, 0, 0, 1),
(1028131, 2, 0, 8, 0, 0, 0, 0, 0, 1),
(1028132, 1, 0, 8, 0, 0, 0, 0, 0, 1),
(1028133, 2, 0, 8, 0, 0, 0, 0, 0, 1),
(1028134, 1, 0, 8, 0, 0, 0, 0, 0, 1),
(1028135, 2, 0, 8, 0, 0, 0, 0, 0, 1),
(1028136, 1, 0, 8, 0, 0, 0, 0, 0, 1),
(1028137, 2, 0, 8, 0, 0, 0, 0, 0, 1),
(1028138, 1, 0, 8, 0, 0, 0, 0, 0, 1),
(1028139, 2, 0, 8, 0, 0, 0, 0, 0, 1),
(1028140, 1, 0, 8, 0, 0, 0, 0, 0, 1),
(1028141, 2, 0, 8, 0, 0, 0, 0, 0, 1),
(1028144, 1, 0, 8, 0, 0, 0, 0, 0, 1),
(1028145, 2, 0, 8, 0, 0, 0, 0, 0, 1),
(1028146, 1, 0, 8, 0, 0, 0, 0, 0, 1),
(1028147, 2, 0, 8, 0, 0, 0, 0, 0, 1),
(1028148, 1, 0, 8, 0, 0, 0, 0, 0, 1),
(1028149, 1, 0, 8, 0, 0, 0, 0, 0, 1),
(1028150, 1, 0, 8, 0, 0, 0, 0, 0, 1),
(1028151, 1, 0, 8, 0, 0, 0, 0, 0, 1),
(1028152, 1, 0, 8, 0, 0, 0, 0, 0, 1),
(1028153, 2, 0, 8, 0, 0, 0, 0, 0, 1),
(1028154, 2, 0, 8, 0, 0, 0, 0, 0, 1),
(1028155, 2, 0, 8, 0, 0, 0, 0, 0, 1),
(1028156, 2, 0, 8, 0, 0, 0, 0, 0, 1),
(1028157, 2, 0, 8, 0, 0, 0, 0, 0, 1),
(1028158, 1, 0, 8, 0, 0, 0, 0, 0, 1),
(1028159, 2, 0, 8, 0, 0, 0, 0, 0, 1),
(1028160, 1, 0, 8, 0, 0, 0, 0, 0, 1),
(1028161, 2, 0, 8, 0, 0, 0, 0, 0, 1),
(1028162, 1, 0, 8, 0, 0, 0, 0, 0, 1),
(1028163, 2, 0, 8, 0, 0, 0, 0, 0, 1),
(1028164, 1, 0, 8, 0, 0, 0, 0, 0, 1),
(1028165, 2, 0, 8, 0, 0, 0, 0, 0, 1),
(1028166, 1, 0, 8, 0, 0, 0, 0, 0, 1),
(1028167, 2, 0, 8, 0, 0, 0, 0, 0, 1),
(1028168, 1, 0, 8, 0, 0, 0, 0, 0, 1),
(1028169, 2, 0, 8, 0, 0, 0, 0, 0, 1),
(1028170, 1, 0, 8, 0, 0, 0, 0, 0, 1),
(1028171, 2, 0, 8, 0, 0, 0, 0, 0, 1),
(1028172, 1, 0, 8, 0, 0, 0, 0, 0, 1),
(1028173, 2, 0, 8, 0, 0, 0, 0, 0, 1),
(1028174, 1, 0, 8, 0, 0, 0, 0, 0, 1),
(1028175, 2, 0, 8, 0, 0, 0, 0, 0, 1),
(1028176, 1, 0, 8, 0, 0, 0, 0, 0, 1),
(1028177, 2, 0, 8, 0, 0, 0, 0, 0, 1),
(1028178, 1, 0, 8, 0, 0, 0, 0, 0, 1),
(1028179, 2, 0, 8, 0, 0, 0, 0, 0, 1),
(1028180, 1, 0, 8, 0, 0, 0, 0, 0, 1),
(1028181, 2, 0, 8, 0, 0, 0, 0, 0, 1),
(1028182, 1, 0, 8, 0, 0, 0, 0, 0, 1),
(1028183, 2, 0, 8, 0, 0, 0, 0, 0, 1),
(1028184, 1, 0, 8, 0, 0, 0, 0, 0, 1),
(1028185, 2, 0, 8, 0, 0, 0, 0, 0, 1),
(1028186, 1, 0, 8, 0, 0, 0, 0, 0, 1),
(1028187, 2, 0, 8, 0, 0, 0, 0, 0, 1),
(1028188, 1, 0, 8, 0, 0, 0, 0, 0, 1),
(1028189, 2, 0, 8, 0, 0, 0, 0, 0, 1),
(1028190, 1, 0, 8, 0, 0, 0, 0, 0, 1),
(1028191, 2, 0, 8, 0, 0, 0, 0, 0, 1),
(1028192, 1, 0, 8, 0, 0, 0, 0, 0, 1),
(1028193, 2, 0, 8, 0, 0, 0, 0, 0, 1),
(1028194, 1, 0, 8, 0, 0, 0, 0, 0, 1),
(1028195, 2, 0, 8, 0, 0, 0, 0, 0, 1),
(1028196, 1, 0, 8, 0, 0, 0, 0, 0, 1),
(1028198, 2, 0, 8, 0, 0, 0, 0, 0, 1),
(1028202, 1, 0, 8, 0, 0, 0, 0, 0, 1),
(1028203, 2, 0, 8, 0, 0, 0, 0, 0, 1),
(1028204, 1, 0, 8, 0, 0, 0, 0, 0, 1),
(1028205, 2, 0, 8, 0, 0, 0, 0, 0, 1),
(1028206, 1, 0, 8, 0, 0, 0, 0, 0, 1),
(1028207, 2, 0, 8, 0, 0, 0, 0, 0, 1),
(1028208, 1, 0, 8, 0, 0, 0, 0, 0, 1),
(1028209, 2, 0, 8, 0, 0, 0, 0, 0, 1),
(1028210, 1, 0, 8, 0, 0, 0, 0, 0, 1),
(1028211, 2, 0, 8, 0, 0, 0, 0, 0, 1),
(1028212, 1, 0, 8, 0, 0, 0, 0, 0, 1),
(1028213, 2, 0, 8, 0, 0, 0, 0, 0, 1),
(1028221, 1, 0, 8, 0, 0, 0, 0, 0, 1),
(1028222, 2, 0, 8, 0, 0, 0, 0, 0, 1),
(1028223, 1, 0, 8, 0, 0, 0, 0, 0, 1),
(1028224, 2, 0, 8, 0, 0, 0, 0, 0, 1),
(1028225, 1, 0, 8, 0, 0, 0, 0, 0, 1),
(1028226, 2, 0, 8, 0, 0, 0, 0, 0, 1),
(1028227, 1, 0, 8, 0, 0, 0, 0, 0, 1),
(1028228, 2, 0, 8, 0, 0, 0, 0, 0, 1),
(1028300, 2, 0, 8, 0, 0, 0, 0, 0, 1),
(1028301, 1, 0, 8, 0, 0, 0, 0, 0, 1),
(1028302, 2, 0, 8, 0, 0, 0, 0, 0, 1),
(1028303, 1, 0, 8, 0, 0, 0, 0, 0, 1),
(1028999, 2, 0, 8, 0, 0, 0, 0, 0, 1),
(1030000, 1, 0, 8, 0, 0, 0, 0, 0, 1),
(1030001, 2, 0, 8, 0, 0, 0, 0, 0, 1),
(1030002, 1, 0, 8, 0, 0, 0, 0, 0, 1),
(1030003, 2, 0, 8, 0, 0, 0, 0, 0, 1),
(1030004, 2, 0, 8, 0, 0, 0, 0, 0, 1),
(1030005, 2, 0, 8, 0, 0, 0, 0, 0, 1),
(1030006, 2, 0, 8, 0, 0, 0, 0, 0, 1),
(1030007, 2, 0, 8, 0, 0, 0, 0, 0, 1),
(1030008, 2, 0, 8, 0, 0, 0, 0, 0, 1),
(1030009, 2, 0, 8, 0, 0, 0, 0, 0, 1),
(1030010, 2, 0, 8, 0, 0, 0, 0, 0, 1),
(1030011, 2, 0, 8, 0, 0, 0, 0, 0, 1),
(1030012, 2, 0, 8, 0, 0, 0, 0, 0, 1),
(1030013, 2, 0, 8, 0, 0, 0, 0, 0, 1),
(1030014, 2, 0, 8, 0, 0, 0, 0, 0, 1),
(1030015, 2, 0, 8, 0, 0, 0, 0, 0, 1),
(1030016, 2, 0, 8, 0, 0, 0, 0, 0, 1),
(1030017, 2, 0, 8, 0, 0, 0, 0, 0, 1),
(1030018, 2, 0, 8, 0, 0, 0, 0, 0, 1),
(1030019, 2, 0, 8, 0, 0, 0, 0, 0, 1),
(1030020, 2, 0, 8, 0, 0, 0, 0, 0, 1),
(1030021, 1, 0, 8, 0, 0, 0, 0, 0, 1),
(1030022, 1, 0, 8, 0, 0, 0, 0, 0, 1),
(1030023, 1, 0, 8, 0, 0, 0, 0, 0, 1),
(1030024, 1, 0, 8, 0, 0, 0, 0, 0, 1),
(1030025, 1, 0, 8, 0, 0, 0, 0, 0, 1),
(1030026, 1, 0, 8, 0, 0, 0, 0, 0, 1),
(1030027, 1, 0, 8, 0, 0, 0, 0, 0, 1),
(1030028, 1, 0, 8, 0, 0, 0, 0, 0, 1),
(1030029, 1, 0, 8, 0, 0, 0, 0, 0, 1),
(1030030, 1, 0, 8, 0, 0, 0, 0, 0, 1),
(1030031, 1, 0, 8, 0, 0, 0, 0, 0, 1),
(1030032, 1, 0, 8, 0, 0, 0, 0, 0, 1),
(1030033, 1, 0, 8, 0, 0, 0, 0, 0, 1),
(1030034, 1, 0, 8, 0, 0, 0, 0, 0, 1),
(1030035, 1, 0, 8, 0, 0, 0, 0, 0, 1),
(1030036, 1, 0, 8, 0, 0, 0, 0, 0, 1),
(1030037, 1, 0, 8, 0, 0, 0, 0, 0, 1),
(1030038, 2, 0, 8, 0, 0, 0, 0, 0, 1),
(1030039, 1, 0, 8, 0, 0, 0, 0, 0, 1),
(1030040, 1, 0, 8, 0, 0, 0, 0, 0, 1),
(1030041, 2, 0, 8, 0, 0, 0, 0, 0, 1),
(1030042, 1, 0, 8, 0, 0, 0, 0, 0, 1),
(1030043, 2, 0, 8, 0, 0, 0, 0, 0, 1),
(1030044, 1, 0, 8, 0, 0, 0, 0, 0, 1),
(1030045, 2, 0, 8, 0, 0, 0, 0, 0, 1),
(1030046, 1, 0, 8, 0, 0, 0, 0, 0, 1),
(1030047, 1, 0, 8, 0, 0, 0, 0, 0, 1),
(1030048, 1, 0, 8, 0, 0, 0, 0, 0, 1),
(1030049, 2, 0, 8, 0, 0, 0, 0, 0, 1),
(1030050, 1, 0, 8, 0, 0, 0, 0, 0, 1),
(1030051, 2, 0, 8, 0, 0, 0, 0, 0, 1),
(1030052, 2, 0, 8, 0, 0, 0, 0, 0, 1),
(1030053, 2, 0, 8, 0, 0, 0, 0, 0, 1),
(1030054, 1, 0, 8, 0, 0, 0, 0, 0, 1),
(1030056, 2, 0, 8, 0, 0, 0, 0, 0, 1),
(1030057, 1, 0, 8, 0, 0, 0, 0, 0, 1),
(1030059, 2, 0, 8, 0, 0, 0, 0, 0, 1),
(1030060, 2, 0, 8, 0, 0, 0, 0, 0, 1),
(1030061, 1, 0, 8, 0, 0, 0, 0, 0, 1),
(1030062, 1, 0, 8, 0, 0, 0, 0, 0, 1),
(1030063, 2, 0, 8, 0, 0, 0, 0, 0, 1),
(1030064, 1, 0, 8, 0, 0, 0, 0, 0, 1),
(1030065, 2, 0, 8, 0, 0, 0, 0, 0, 1),
(1030066, 1, 0, 8, 0, 0, 0, 0, 0, 1),
(1030067, 2, 0, 8, 0, 0, 0, 0, 0, 1),
(1030068, 1, 0, 8, 0, 0, 0, 0, 0, 1),
(1030069, 1, 0, 8, 0, 0, 0, 0, 0, 1),
(1030070, 1, 0, 8, 0, 0, 0, 0, 0, 1),
(1030071, 1, 0, 8, 0, 0, 0, 0, 0, 1),
(1030072, 2, 0, 8, 0, 0, 0, 0, 0, 1),
(1030073, 2, 0, 8, 0, 0, 0, 0, 0, 1),
(1030074, 2, 0, 8, 0, 0, 0, 0, 0, 1),
(1031001, 1, 0, 8, 0, 0, 0, 0, 0, 1),
(1031002, 2, 0, 8, 0, 0, 0, 0, 0, 1),
(1031003, 2, 0, 8, 0, 0, 0, 0, 0, 1),
(1031004, 2, 0, 8, 0, 0, 0, 0, 0, 1),
(1031005, 1, 0, 8, 0, 0, 0, 0, 0, 1),
(1031006, 1, 0, 8, 0, 0, 0, 0, 0, 1),
(1031007, 2, 0, 8, 0, 0, 0, 0, 0, 1),
(1031008, 2, 0, 8, 0, 0, 0, 0, 0, 1),
(1031009, 1, 0, 8, 0, 0, 0, 0, 0, 1),
(1031010, 1, 0, 8, 0, 0, 0, 0, 0, 1),
(1031011, 2, 0, 8, 0, 0, 0, 0, 0, 1),
(1031015, 2, 0, 8, 0, 0, 0, 0, 0, 1),
(1031016, 1, 0, 8, 0, 0, 0, 0, 0, 1),
(1031017, 2, 0, 8, 0, 0, 0, 0, 0, 1),
(1031018, 1, 0, 8, 0, 0, 0, 0, 0, 1),
(1034000, 2, 0, 8, 0, 0, 0, 0, 0, 1),
(1037000, 1, 0, 8, 0, 0, 0, 0, 0, 1),
(1037001, 2, 0, 8, 0, 0, 0, 0, 0, 1),
(1037002, 1, 0, 8, 0, 0, 0, 0, 0, 1),
(1037003, 2, 0, 8, 0, 0, 0, 0, 0, 1),
(1037004, 2, 0, 8, 0, 0, 0, 0, 0, 1),
(1037005, 2, 0, 8, 0, 0, 0, 0, 0, 1),
(1037006, 2, 0, 8, 0, 0, 0, 0, 0, 1),
(1037007, 2, 0, 8, 0, 0, 0, 0, 0, 1),
(1037008, 2, 0, 8, 0, 0, 0, 0, 0, 1),
(1037009, 2, 0, 8, 0, 0, 0, 0, 0, 1),
(1037010, 2, 0, 8, 0, 0, 0, 0, 0, 1),
(1037011, 2, 0, 8, 0, 0, 0, 0, 0, 1),
(1037012, 2, 0, 8, 0, 0, 0, 0, 0, 1),
(1037013, 2, 0, 8, 0, 0, 0, 0, 0, 1),
(1037014, 2, 0, 8, 0, 0, 0, 0, 0, 1),
(1037015, 2, 0, 8, 0, 0, 0, 0, 0, 1),
(1037016, 2, 0, 8, 0, 0, 0, 0, 0, 1),
(1037017, 2, 0, 8, 0, 0, 0, 0, 0, 1),
(1037018, 2, 0, 8, 0, 0, 0, 0, 0, 1),
(1037019, 2, 0, 8, 0, 0, 0, 0, 0, 1),
(1037020, 2, 0, 8, 0, 0, 0, 0, 0, 1),
(1037021, 1, 0, 8, 0, 0, 0, 0, 0, 1),
(1037022, 1, 0, 8, 0, 0, 0, 0, 0, 1),
(1037023, 1, 0, 8, 0, 0, 0, 0, 0, 1),
(1037024, 1, 0, 8, 0, 0, 0, 0, 0, 1),
(1037025, 1, 0, 8, 0, 0, 0, 0, 0, 1),
(1037026, 1, 0, 8, 0, 0, 0, 0, 0, 1),
(1037027, 1, 0, 8, 0, 0, 0, 0, 0, 1),
(1037028, 1, 0, 8, 0, 0, 0, 0, 0, 1),
(1037029, 1, 0, 8, 0, 0, 0, 0, 0, 1),
(1037030, 1, 0, 8, 0, 0, 0, 0, 0, 1),
(1037031, 1, 0, 8, 0, 0, 0, 0, 0, 1),
(1037032, 1, 0, 8, 0, 0, 0, 0, 0, 1),
(1037033, 1, 0, 8, 0, 0, 0, 0, 0, 1),
(1037034, 1, 0, 8, 0, 0, 0, 0, 0, 1),
(1037035, 1, 0, 8, 0, 0, 0, 0, 0, 1),
(1037036, 1, 0, 8, 0, 0, 0, 0, 0, 1),
(1037037, 1, 0, 8, 0, 0, 0, 0, 0, 1),
(1037038, 2, 0, 8, 0, 0, 0, 0, 0, 1),
(1037039, 1, 0, 8, 0, 0, 0, 0, 0, 1),
(1037040, 1, 0, 8, 0, 0, 0, 0, 0, 1),
(1037041, 2, 0, 8, 0, 0, 0, 0, 0, 1),
(1037042, 1, 0, 8, 0, 0, 0, 0, 0, 1),
(1037043, 2, 0, 8, 0, 0, 0, 0, 0, 1),
(1037044, 1, 0, 8, 0, 0, 0, 0, 0, 1),
(1037045, 2, 0, 8, 0, 0, 0, 0, 0, 1),
(1037046, 1, 0, 8, 0, 0, 0, 0, 0, 1),
(1037047, 1, 0, 8, 0, 0, 0, 0, 0, 1),
(1037048, 1, 0, 8, 0, 0, 0, 0, 0, 1),
(1037049, 2, 0, 8, 0, 0, 0, 0, 0, 1),
(1037050, 1, 0, 8, 0, 0, 0, 0, 0, 1),
(1037051, 2, 0, 8, 0, 0, 0, 0, 0, 1),
(1037052, 2, 0, 8, 0, 0, 0, 0, 0, 1),
(1037053, 2, 0, 8, 0, 0, 0, 0, 0, 1),
(1037054, 1, 0, 8, 0, 0, 0, 0, 0, 1),
(1037056, 2, 0, 8, 0, 0, 0, 0, 0, 1),
(1037057, 1, 0, 8, 0, 0, 0, 0, 0, 1),
(1037059, 2, 0, 8, 0, 0, 0, 0, 0, 1),
(1037060, 2, 0, 8, 0, 0, 0, 0, 0, 1),
(1037061, 1, 0, 8, 0, 0, 0, 0, 0, 1),
(1037062, 1, 0, 8, 0, 0, 0, 0, 0, 1),
(1037063, 2, 0, 8, 0, 0, 0, 0, 0, 1),
(1037064, 1, 0, 8, 0, 0, 0, 0, 0, 1),
(1037065, 2, 0, 8, 0, 0, 0, 0, 0, 1),
(1037066, 1, 0, 8, 0, 0, 0, 0, 0, 1),
(1037067, 2, 0, 8, 0, 0, 0, 0, 0, 1),
(1037068, 1, 0, 8, 0, 0, 0, 0, 0, 1),
(1037069, 1, 0, 8, 0, 0, 0, 0, 0, 1),
(1037070, 1, 0, 8, 0, 0, 0, 0, 0, 1),
(1037071, 1, 0, 8, 0, 0, 0, 0, 0, 1),
(1037072, 2, 0, 8, 0, 0, 0, 0, 0, 1),
(1037073, 2, 0, 8, 0, 0, 0, 0, 0, 1),
(1037074, 2, 0, 8, 0, 0, 0, 0, 0, 1),
(1038001, 1, 0, 8, 0, 0, 0, 0, 0, 1),
(1038002, 2, 0, 8, 0, 0, 0, 0, 0, 1),
(1038003, 2, 0, 8, 0, 0, 0, 0, 0, 1),
(1038004, 2, 0, 8, 0, 0, 0, 0, 0, 1),
(1038005, 1, 0, 8, 0, 0, 0, 0, 0, 1),
(1038006, 1, 0, 8, 0, 0, 0, 0, 0, 1),
(1038007, 2, 0, 8, 0, 0, 0, 0, 0, 1),
(1038008, 2, 0, 8, 0, 0, 0, 0, 0, 1),
(1038009, 1, 0, 8, 0, 0, 0, 0, 0, 1),
(1038010, 1, 0, 8, 0, 0, 0, 0, 0, 1),
(1038011, 2, 0, 8, 0, 0, 0, 0, 0, 1),
(1038015, 2, 0, 8, 0, 0, 0, 0, 0, 1),
(1038016, 1, 0, 8, 0, 0, 0, 0, 0, 1),
(1038017, 2, 0, 8, 0, 0, 0, 0, 0, 1),
(1038018, 1, 0, 8, 0, 0, 0, 0, 0, 1),
(1038019, 2, 0, 8, 0, 0, 0, 0, 0, 1),
(1038020, 1, 0, 8, 0, 0, 0, 0, 0, 1),
(1038021, 2, 0, 8, 0, 0, 0, 0, 0, 1),
(1038022, 1, 0, 8, 0, 0, 0, 0, 0, 1),
(1038023, 2, 0, 8, 0, 0, 0, 0, 0, 1),
(1038024, 1, 0, 8, 0, 0, 0, 0, 0, 1),
(1038027, 1, 0, 8, 0, 0, 0, 0, 0, 1),
(1038028, 2, 0, 8, 0, 0, 0, 0, 0, 1),
(1038029, 1, 0, 8, 0, 0, 0, 0, 0, 1),
(1038030, 2, 0, 8, 0, 0, 0, 0, 0, 1),
(1038031, 1, 0, 8, 0, 0, 0, 0, 0, 1),
(1038032, 2, 0, 8, 0, 0, 0, 0, 0, 1),
(1038033, 1, 0, 8, 0, 0, 0, 0, 0, 1),
(1038034, 2, 0, 8, 0, 0, 0, 0, 0, 1),
(1038035, 1, 0, 8, 0, 0, 0, 0, 0, 1),
(1038036, 2, 0, 8, 0, 0, 0, 0, 0, 1),
(1038037, 1, 0, 8, 0, 0, 0, 0, 0, 1),
(1038038, 2, 0, 8, 0, 0, 0, 0, 0, 1),
(1038039, 2, 0, 8, 0, 0, 0, 0, 0, 1),
(1038040, 2, 0, 8, 0, 0, 0, 0, 0, 1),
(1038041, 2, 0, 8, 0, 0, 0, 0, 0, 1),
(1038042, 1, 0, 8, 0, 0, 0, 0, 0, 1),
(1038043, 1, 0, 8, 0, 0, 0, 0, 0, 1),
(1038044, 1, 0, 8, 0, 0, 0, 0, 0, 1),
(1038045, 2, 0, 8, 0, 0, 0, 0, 0, 1),
(1038047, 1, 0, 8, 0, 0, 0, 0, 0, 1),
(1038048, 2, 0, 8, 0, 0, 0, 0, 0, 1),
(1038049, 1, 0, 8, 0, 0, 0, 0, 0, 1),
(1038050, 1, 0, 8, 0, 0, 0, 0, 0, 1),
(1038051, 2, 0, 8, 0, 0, 0, 0, 0, 1),
(1038057, 1, 0, 8, 0, 0, 0, 0, 0, 1),
(1038058, 2, 0, 8, 0, 0, 0, 0, 0, 1),
(1038059, 1, 0, 8, 0, 0, 0, 0, 0, 1),
(1038060, 2, 0, 8, 0, 0, 0, 0, 0, 1),
(1038061, 1, 0, 8, 0, 0, 0, 0, 0, 1),
(1038062, 2, 0, 8, 0, 0, 0, 0, 0, 1),
(1038065, 1, 0, 8, 0, 0, 0, 0, 0, 1),
(1038066, 2, 0, 8, 0, 0, 0, 0, 0, 1),
(1038067, 1, 0, 8, 0, 0, 0, 0, 0, 1),
(1038068, 2, 0, 8, 0, 0, 0, 0, 0, 1),
(1038069, 1, 0, 8, 0, 0, 0, 0, 0, 1),
(1038070, 2, 0, 8, 0, 0, 0, 0, 0, 1),
(1038071, 1, 0, 8, 0, 0, 0, 0, 0, 1),
(1038072, 2, 0, 8, 0, 0, 0, 0, 0, 1),
(1038073, 1, 0, 8, 0, 0, 0, 0, 0, 1),
(1038074, 2, 0, 8, 0, 0, 0, 0, 0, 1),
(1038075, 1, 0, 8, 0, 0, 0, 0, 0, 1),
(1038077, 1, 0, 8, 0, 0, 0, 0, 0, 1),
(1038078, 2, 0, 8, 0, 0, 0, 0, 0, 1),
(1038079, 1, 0, 8, 0, 0, 0, 0, 0, 1),
(1038080, 2, 0, 8, 0, 0, 0, 0, 0, 1),
(1038081, 1, 0, 8, 0, 0, 0, 0, 0, 1),
(1038082, 2, 0, 8, 0, 0, 0, 0, 0, 1),
(1038083, 1, 0, 8, 0, 0, 0, 0, 0, 1),
(1038084, 2, 0, 8, 0, 0, 0, 0, 0, 1),
(1038085, 1, 0, 8, 0, 0, 0, 0, 0, 1),
(1038086, 2, 0, 8, 0, 0, 0, 0, 0, 1),
(1038087, 1, 0, 8, 0, 0, 0, 0, 0, 1),
(1038088, 2, 0, 8, 0, 0, 0, 0, 0, 1),
(1038089, 1, 0, 8, 0, 0, 0, 0, 0, 1),
(1038090, 2, 0, 8, 0, 0, 0, 0, 0, 1),
(1038100, 1, 0, 8, 0, 0, 0, 0, 0, 1),
(1038101, 2, 0, 8, 0, 0, 0, 0, 0, 1),
(1038102, 1, 0, 8, 0, 0, 0, 0, 0, 1),
(1038103, 2, 0, 8, 0, 0, 0, 0, 0, 1),
(1038104, 1, 0, 8, 0, 0, 0, 0, 0, 1),
(1038105, 2, 0, 8, 0, 0, 0, 0, 0, 1),
(1038106, 1, 0, 8, 0, 0, 0, 0, 0, 1),
(1038107, 2, 0, 8, 0, 0, 0, 0, 0, 1),
(1038108, 1, 0, 8, 0, 0, 0, 0, 0, 1),
(1038109, 2, 0, 8, 0, 0, 0, 0, 0, 1),
(1038110, 1, 0, 8, 0, 0, 0, 0, 0, 1),
(1038111, 2, 0, 8, 0, 0, 0, 0, 0, 1),
(1038112, 1, 0, 8, 0, 0, 0, 0, 0, 1),
(1038113, 2, 0, 8, 0, 0, 0, 0, 0, 1),
(1038114, 1, 0, 8, 0, 0, 0, 0, 0, 1),
(1038115, 2, 0, 8, 0, 0, 0, 0, 0, 1),
(1038116, 1, 0, 8, 0, 0, 0, 0, 0, 1),
(1038117, 2, 0, 8, 0, 0, 0, 0, 0, 1),
(1038118, 1, 0, 8, 0, 0, 0, 0, 0, 1),
(1038119, 2, 0, 8, 0, 0, 0, 0, 0, 1),
(1038122, 1, 0, 8, 0, 0, 0, 0, 0, 1),
(1038123, 2, 0, 8, 0, 0, 0, 0, 0, 1),
(1038124, 1, 0, 8, 0, 0, 0, 0, 0, 1),
(1038125, 2, 0, 8, 0, 0, 0, 0, 0, 1),
(1038126, 1, 0, 8, 0, 0, 0, 0, 0, 1),
(1038127, 2, 0, 8, 0, 0, 0, 0, 0, 1),
(1038128, 2, 0, 8, 0, 0, 0, 0, 0, 1),
(1038129, 1, 0, 8, 0, 0, 0, 0, 0, 1),
(1038130, 1, 0, 8, 0, 0, 0, 0, 0, 1),
(1038131, 2, 0, 8, 0, 0, 0, 0, 0, 1),
(1038132, 1, 0, 8, 0, 0, 0, 0, 0, 1),
(1038133, 2, 0, 8, 0, 0, 0, 0, 0, 1),
(1038134, 1, 0, 8, 0, 0, 0, 0, 0, 1),
(1038135, 2, 0, 8, 0, 0, 0, 0, 0, 1),
(1038136, 1, 0, 8, 0, 0, 0, 0, 0, 1),
(1038137, 2, 0, 8, 0, 0, 0, 0, 0, 1),
(1038138, 1, 0, 8, 0, 0, 0, 0, 0, 1),
(1038139, 2, 0, 8, 0, 0, 0, 0, 0, 1),
(1038140, 1, 0, 8, 0, 0, 0, 0, 0, 1),
(1038141, 2, 0, 8, 0, 0, 0, 0, 0, 1),
(1038142, 1, 0, 8, 0, 0, 0, 0, 0, 1),
(1038144, 1, 0, 8, 0, 0, 0, 0, 0, 1),
(1038145, 2, 0, 8, 0, 0, 0, 0, 0, 1),
(1038146, 1, 0, 8, 0, 0, 0, 0, 0, 1),
(1038147, 2, 0, 8, 0, 0, 0, 0, 0, 1),
(1038148, 1, 0, 8, 0, 0, 0, 0, 0, 1),
(1038149, 1, 0, 8, 0, 0, 0, 0, 0, 1),
(1038150, 1, 0, 8, 0, 0, 0, 0, 0, 1),
(1038151, 1, 0, 8, 0, 0, 0, 0, 0, 1),
(1038152, 1, 0, 8, 0, 0, 0, 0, 0, 1),
(1038153, 2, 0, 8, 0, 0, 0, 0, 0, 1),
(1038154, 2, 0, 8, 0, 0, 0, 0, 0, 1),
(1038155, 2, 0, 8, 0, 0, 0, 0, 0, 1),
(1038156, 2, 0, 8, 0, 0, 0, 0, 0, 1),
(1038157, 2, 0, 8, 0, 0, 0, 0, 0, 1),
(1038158, 1, 0, 8, 0, 0, 0, 0, 0, 1),
(1038159, 2, 0, 8, 0, 0, 0, 0, 0, 1),
(1038160, 1, 0, 8, 0, 0, 0, 0, 0, 1),
(1038161, 2, 0, 8, 0, 0, 0, 0, 0, 1),
(1038162, 1, 0, 8, 0, 0, 0, 0, 0, 1),
(1038163, 2, 0, 8, 0, 0, 0, 0, 0, 1),
(1038164, 1, 0, 8, 0, 0, 0, 0, 0, 1),
(1038165, 2, 0, 8, 0, 0, 0, 0, 0, 1),
(1038166, 1, 0, 8, 0, 0, 0, 0, 0, 1),
(1038167, 2, 0, 8, 0, 0, 0, 0, 0, 1),
(1038168, 1, 0, 8, 0, 0, 0, 0, 0, 1),
(1038169, 2, 0, 8, 0, 0, 0, 0, 0, 1),
(1038170, 1, 0, 8, 0, 0, 0, 0, 0, 1),
(1038171, 2, 0, 8, 0, 0, 0, 0, 0, 1),
(1038172, 1, 0, 8, 0, 0, 0, 0, 0, 1),
(1038173, 2, 0, 8, 0, 0, 0, 0, 0, 1),
(1038174, 1, 0, 8, 0, 0, 0, 0, 0, 1),
(1038175, 2, 0, 8, 0, 0, 0, 0, 0, 1),
(1038176, 1, 0, 8, 0, 0, 0, 0, 0, 1),
(1038177, 2, 0, 8, 0, 0, 0, 0, 0, 1),
(1038178, 1, 0, 8, 0, 0, 0, 0, 0, 1),
(1038179, 2, 0, 8, 0, 0, 0, 0, 0, 1),
(1038180, 1, 0, 8, 0, 0, 0, 0, 0, 1),
(1038181, 2, 0, 8, 0, 0, 0, 0, 0, 1),
(1038182, 1, 0, 8, 0, 0, 0, 0, 0, 1),
(1038183, 2, 0, 8, 0, 0, 0, 0, 0, 1),
(1038184, 1, 0, 8, 0, 0, 0, 0, 0, 1),
(1038185, 2, 0, 8, 0, 0, 0, 0, 0, 1),
(1038186, 1, 0, 8, 0, 0, 0, 0, 0, 1),
(1038187, 2, 0, 8, 0, 0, 0, 0, 0, 1),
(1038188, 1, 0, 8, 0, 0, 0, 0, 0, 1),
(1038189, 2, 0, 8, 0, 0, 0, 0, 0, 1),
(1038190, 1, 0, 8, 0, 0, 0, 0, 0, 1),
(1038191, 2, 0, 8, 0, 0, 0, 0, 0, 1),
(1038192, 1, 0, 8, 0, 0, 0, 0, 0, 1),
(1038193, 2, 0, 8, 0, 0, 0, 0, 0, 1),
(1038194, 1, 0, 8, 0, 0, 0, 0, 0, 1),
(1038195, 2, 0, 8, 0, 0, 0, 0, 0, 1),
(1038196, 1, 0, 8, 0, 0, 0, 0, 0, 1),
(1038197, 1, 0, 8, 0, 0, 0, 0, 0, 1),
(1038198, 2, 0, 8, 0, 0, 0, 0, 0, 1),
(1038199, 2, 0, 8, 0, 0, 0, 0, 0, 1),
(1038202, 1, 0, 8, 0, 0, 0, 0, 0, 1),
(1038203, 2, 0, 8, 0, 0, 0, 0, 0, 1),
(1038204, 1, 0, 8, 0, 0, 0, 0, 0, 1),
(1038205, 2, 0, 8, 0, 0, 0, 0, 0, 1),
(1038206, 1, 0, 8, 0, 0, 0, 0, 0, 1),
(1038207, 2, 0, 8, 0, 0, 0, 0, 0, 1),
(1038208, 1, 0, 8, 0, 0, 0, 0, 0, 1),
(1038209, 2, 0, 8, 0, 0, 0, 0, 0, 1),
(1038210, 1, 0, 8, 0, 0, 0, 0, 0, 1),
(1038211, 2, 0, 8, 0, 0, 0, 0, 0, 1),
(1038212, 1, 0, 8, 0, 0, 0, 0, 0, 1),
(1038213, 2, 0, 8, 0, 0, 0, 0, 0, 1),
(1038221, 1, 0, 8, 0, 0, 0, 0, 0, 1),
(1038222, 2, 0, 8, 0, 0, 0, 0, 0, 1),
(1038223, 1, 0, 8, 0, 0, 0, 0, 0, 1),
(1038224, 2, 0, 8, 0, 0, 0, 0, 0, 1),
(1038225, 1, 0, 8, 0, 0, 0, 0, 0, 1),
(1038226, 2, 0, 8, 0, 0, 0, 0, 0, 1),
(1038227, 1, 0, 8, 0, 0, 0, 0, 0, 1),
(1038228, 2, 0, 8, 0, 0, 0, 0, 0, 1),
(1038300, 2, 0, 8, 0, 0, 0, 0, 0, 1),
(1038301, 1, 0, 8, 0, 0, 0, 0, 0, 1),
(1038302, 2, 0, 8, 0, 0, 0, 0, 0, 1),
(1038303, 1, 0, 8, 0, 0, 0, 0, 0, 1),
(1038999, 2, 0, 8, 0, 0, 0, 0, 0, 1),
(1040001, 2, 0, 8, 0, 0, 0, 0, 0, 1),
(1040002, 1, 0, 8, 0, 0, 0, 0, 0, 1),
(1040003, 2, 0, 8, 0, 0, 0, 0, 0, 1),
(1040004, 2, 0, 8, 0, 0, 0, 0, 0, 1),
(1040005, 2, 0, 8, 0, 0, 0, 0, 0, 1),
(1040006, 2, 0, 8, 0, 0, 0, 0, 0, 1),
(1040007, 2, 0, 8, 0, 0, 0, 0, 0, 1),
(1040008, 2, 0, 8, 0, 0, 0, 0, 0, 1),
(1040009, 2, 0, 8, 0, 0, 0, 0, 0, 1),
(1040010, 2, 0, 8, 0, 0, 0, 0, 0, 1),
(1040011, 2, 0, 8, 0, 0, 0, 0, 0, 1),
(1040012, 2, 0, 8, 0, 0, 0, 0, 0, 1),
(1040013, 2, 0, 8, 0, 0, 0, 0, 0, 1),
(1040014, 2, 0, 8, 0, 0, 0, 0, 0, 1),
(1040015, 2, 0, 8, 0, 0, 0, 0, 0, 1),
(1040016, 2, 0, 8, 0, 0, 0, 0, 0, 1),
(1040017, 2, 0, 8, 0, 0, 0, 0, 0, 1),
(1040018, 2, 0, 8, 0, 0, 0, 0, 0, 1),
(1040019, 2, 0, 8, 0, 0, 0, 0, 0, 1),
(1040020, 2, 0, 8, 0, 0, 0, 0, 0, 1),
(1040021, 1, 0, 8, 0, 0, 0, 0, 0, 1),
(1040022, 1, 0, 8, 0, 0, 0, 0, 0, 1),
(1040023, 1, 0, 8, 0, 0, 0, 0, 0, 1),
(1040024, 1, 0, 8, 0, 0, 0, 0, 0, 1),
(1040025, 1, 0, 8, 0, 0, 0, 0, 0, 1),
(1040026, 1, 0, 8, 0, 0, 0, 0, 0, 1),
(1040027, 1, 0, 8, 0, 0, 0, 0, 0, 1),
(1040028, 1, 0, 8, 0, 0, 0, 0, 0, 1),
(1040029, 1, 0, 8, 0, 0, 0, 0, 0, 1),
(1040030, 1, 0, 8, 0, 0, 0, 0, 0, 1),
(1040031, 1, 0, 8, 0, 0, 0, 0, 0, 1),
(1040032, 1, 0, 8, 0, 0, 0, 0, 0, 1),
(1040033, 1, 0, 8, 0, 0, 0, 0, 0, 1),
(1040034, 1, 0, 8, 0, 0, 0, 0, 0, 1),
(1040035, 1, 0, 8, 0, 0, 0, 0, 0, 1),
(1040036, 1, 0, 8, 0, 0, 0, 0, 0, 1),
(1040037, 2, 0, 8, 0, 0, 0, 0, 0, 1),
(1040038, 1, 0, 8, 0, 0, 0, 0, 0, 1),
(1040039, 1, 0, 8, 0, 0, 0, 0, 0, 1),
(1040040, 1, 0, 8, 0, 0, 0, 0, 0, 1),
(1040041, 2, 0, 8, 0, 0, 0, 0, 0, 1),
(1040042, 1, 0, 8, 0, 0, 0, 0, 0, 1),
(1040043, 2, 0, 8, 0, 0, 0, 0, 0, 1),
(1040044, 1, 0, 8, 0, 0, 0, 0, 0, 1),
(1040045, 2, 0, 8, 0, 0, 0, 0, 0, 1),
(1040046, 1, 0, 8, 0, 0, 0, 0, 0, 1),
(1040047, 2, 0, 8, 0, 0, 0, 0, 0, 1),
(1040048, 1, 0, 8, 0, 0, 0, 0, 0, 1),
(1040049, 2, 0, 8, 0, 0, 0, 0, 0, 1),
(1040050, 1, 0, 8, 0, 0, 0, 0, 0, 1),
(1040052, 2, 0, 8, 0, 0, 0, 0, 0, 1),
(1040053, 1, 0, 8, 0, 0, 0, 0, 0, 1),
(1040055, 2, 0, 8, 0, 0, 0, 0, 0, 1),
(1040056, 1, 0, 8, 0, 0, 0, 0, 0, 1),
(1040057, 2, 0, 8, 0, 0, 0, 0, 0, 1),
(1040058, 1, 0, 8, 0, 0, 0, 0, 0, 1),
(1040059, 2, 0, 8, 0, 0, 0, 0, 0, 1),
(1040060, 1, 0, 8, 0, 0, 0, 0, 0, 1),
(1040061, 1, 0, 8, 0, 0, 0, 0, 0, 1),
(1040062, 1, 0, 8, 0, 0, 0, 0, 0, 1),
(1040063, 1, 0, 8, 0, 0, 0, 0, 0, 1),
(1040064, 2, 0, 8, 0, 0, 0, 0, 0, 1),
(1040065, 2, 0, 8, 0, 0, 0, 0, 0, 1),
(1040066, 2, 0, 8, 0, 0, 0, 0, 0, 1),
(1041001, 1, 0, 8, 0, 0, 0, 0, 0, 1),
(1041002, 2, 0, 8, 0, 0, 0, 0, 0, 1),
(1041003, 2, 0, 8, 0, 0, 0, 0, 0, 1),
(1041006, 1, 0, 8, 0, 0, 0, 0, 0, 1),
(1041007, 2, 0, 8, 0, 0, 0, 0, 0, 1),
(1041008, 2, 0, 8, 0, 0, 0, 0, 0, 1),
(1041009, 1, 0, 8, 0, 0, 0, 0, 0, 1),
(1041010, 1, 0, 8, 0, 0, 0, 0, 0, 1),
(1041011, 2, 0, 8, 0, 0, 0, 0, 0, 1),
(1041015, 2, 0, 8, 0, 0, 0, 0, 0, 1),
(1041016, 1, 0, 8, 0, 0, 0, 0, 0, 1),
(1041017, 2, 0, 8, 0, 0, 0, 0, 0, 1),
(1041018, 1, 0, 8, 0, 0, 0, 0, 0, 1),
(1047001, 2, 0, 8, 0, 0, 0, 0, 0, 1),
(1047002, 1, 0, 8, 0, 0, 0, 0, 0, 1),
(1047003, 2, 0, 8, 0, 0, 0, 0, 0, 1),
(1047004, 2, 0, 8, 0, 0, 0, 0, 0, 1),
(1047005, 2, 0, 8, 0, 0, 0, 0, 0, 1),
(1047006, 2, 0, 8, 0, 0, 0, 0, 0, 1),
(1047007, 2, 0, 8, 0, 0, 0, 0, 0, 1),
(1047008, 2, 0, 8, 0, 0, 0, 0, 0, 1),
(1047009, 2, 0, 8, 0, 0, 0, 0, 0, 1),
(1047010, 2, 0, 8, 0, 0, 0, 0, 0, 1),
(1047011, 2, 0, 8, 0, 0, 0, 0, 0, 1),
(1047012, 2, 0, 8, 0, 0, 0, 0, 0, 1),
(1047013, 2, 0, 8, 0, 0, 0, 0, 0, 1),
(1047014, 2, 0, 8, 0, 0, 0, 0, 0, 1),
(1047015, 2, 0, 8, 0, 0, 0, 0, 0, 1),
(1047016, 2, 0, 8, 0, 0, 0, 0, 0, 1),
(1047017, 2, 0, 8, 0, 0, 0, 0, 0, 1),
(1047018, 2, 0, 8, 0, 0, 0, 0, 0, 1),
(1047019, 2, 0, 8, 0, 0, 0, 0, 0, 1),
(1047020, 2, 0, 8, 0, 0, 0, 0, 0, 1),
(1047021, 1, 0, 8, 0, 0, 0, 0, 0, 1),
(1047022, 1, 0, 8, 0, 0, 0, 0, 0, 1),
(1047023, 1, 0, 8, 0, 0, 0, 0, 0, 1),
(1047024, 1, 0, 8, 0, 0, 0, 0, 0, 1),
(1047025, 1, 0, 8, 0, 0, 0, 0, 0, 1),
(1047026, 1, 0, 8, 0, 0, 0, 0, 0, 1),
(1047027, 1, 0, 8, 0, 0, 0, 0, 0, 1),
(1047028, 1, 0, 8, 0, 0, 0, 0, 0, 1),
(1047029, 1, 0, 8, 0, 0, 0, 0, 0, 1),
(1047030, 1, 0, 8, 0, 0, 0, 0, 0, 1),
(1047031, 1, 0, 8, 0, 0, 0, 0, 0, 1),
(1047032, 1, 0, 8, 0, 0, 0, 0, 0, 1),
(1047033, 1, 0, 8, 0, 0, 0, 0, 0, 1),
(1047034, 1, 0, 8, 0, 0, 0, 0, 0, 1),
(1047035, 1, 0, 8, 0, 0, 0, 0, 0, 1),
(1047036, 1, 0, 8, 0, 0, 0, 0, 0, 1),
(1047037, 2, 0, 8, 0, 0, 0, 0, 0, 1),
(1047038, 1, 0, 8, 0, 0, 0, 0, 0, 1),
(1047039, 1, 0, 8, 0, 0, 0, 0, 0, 1),
(1047040, 1, 0, 8, 0, 0, 0, 0, 0, 1),
(1047041, 2, 0, 8, 0, 0, 0, 0, 0, 1),
(1047042, 1, 0, 8, 0, 0, 0, 0, 0, 1),
(1047043, 2, 0, 8, 0, 0, 0, 0, 0, 1),
(1047044, 1, 0, 8, 0, 0, 0, 0, 0, 1),
(1047045, 2, 0, 8, 0, 0, 0, 0, 0, 1),
(1047046, 1, 0, 8, 0, 0, 0, 0, 0, 1),
(1047047, 2, 0, 8, 0, 0, 0, 0, 0, 1),
(1047048, 1, 0, 8, 0, 0, 0, 0, 0, 1),
(1047049, 2, 0, 8, 0, 0, 0, 0, 0, 1),
(1047050, 1, 0, 8, 0, 0, 0, 0, 0, 1),
(1047052, 2, 0, 8, 0, 0, 0, 0, 0, 1),
(1047053, 1, 0, 8, 0, 0, 0, 0, 0, 1),
(1047055, 2, 0, 8, 0, 0, 0, 0, 0, 1),
(1047056, 1, 0, 8, 0, 0, 0, 0, 0, 1),
(1047057, 2, 0, 8, 0, 0, 0, 0, 0, 1),
(1047058, 1, 0, 8, 0, 0, 0, 0, 0, 1),
(1047059, 2, 0, 8, 0, 0, 0, 0, 0, 1),
(1047060, 1, 0, 8, 0, 0, 0, 0, 0, 1),
(1047061, 1, 0, 8, 0, 0, 0, 0, 0, 1),
(1047062, 1, 0, 8, 0, 0, 0, 0, 0, 1),
(1047063, 1, 0, 8, 0, 0, 0, 0, 0, 1),
(1047064, 2, 0, 8, 0, 0, 0, 0, 0, 1),
(1047065, 2, 0, 8, 0, 0, 0, 0, 0, 1),
(1047066, 2, 0, 8, 0, 0, 0, 0, 0, 1),
(1048001, 1, 0, 8, 0, 0, 0, 0, 0, 1),
(1048002, 2, 0, 8, 0, 0, 0, 0, 0, 1),
(1048003, 2, 0, 8, 0, 0, 0, 0, 0, 1),
(1048006, 1, 0, 8, 0, 0, 0, 0, 0, 1),
(1048007, 2, 0, 8, 0, 0, 0, 0, 0, 1),
(1048008, 2, 0, 8, 0, 0, 0, 0, 0, 1),
(1048009, 1, 0, 8, 0, 0, 0, 0, 0, 1),
(1048010, 1, 0, 8, 0, 0, 0, 0, 0, 1),
(1048011, 2, 0, 8, 0, 0, 0, 0, 0, 1),
(1048015, 2, 0, 8, 0, 0, 0, 0, 0, 1),
(1048016, 1, 0, 8, 0, 0, 0, 0, 0, 1),
(1048017, 2, 0, 8, 0, 0, 0, 0, 0, 1),
(1048018, 1, 0, 8, 0, 0, 0, 0, 0, 1),
(1048019, 2, 0, 8, 0, 0, 0, 0, 0, 1),
(1048020, 1, 0, 8, 0, 0, 0, 0, 0, 1),
(1048021, 2, 0, 8, 0, 0, 0, 0, 0, 1),
(1048022, 1, 0, 8, 0, 0, 0, 0, 0, 1),
(1048023, 2, 0, 8, 0, 0, 0, 0, 0, 1),
(1048024, 1, 0, 8, 0, 0, 0, 0, 0, 1),
(1048027, 1, 0, 8, 0, 0, 0, 0, 0, 1),
(1048028, 2, 0, 8, 0, 0, 0, 0, 0, 1),
(1048029, 1, 0, 8, 0, 0, 0, 0, 0, 1),
(1048030, 2, 0, 8, 0, 0, 0, 0, 0, 1),
(1048031, 1, 0, 8, 0, 0, 0, 0, 0, 1),
(1048032, 2, 0, 8, 0, 0, 0, 0, 0, 1),
(1048033, 1, 0, 8, 0, 0, 0, 0, 0, 1),
(1048034, 2, 0, 8, 0, 0, 0, 0, 0, 1),
(1048035, 1, 0, 8, 0, 0, 0, 0, 0, 1),
(1048036, 2, 0, 8, 0, 0, 0, 0, 0, 1),
(1048037, 1, 0, 8, 0, 0, 0, 0, 0, 1),
(1048038, 2, 0, 8, 0, 0, 0, 0, 0, 1),
(1048039, 2, 0, 8, 0, 0, 0, 0, 0, 1),
(1048040, 2, 0, 8, 0, 0, 0, 0, 0, 1),
(1048041, 2, 0, 8, 0, 0, 0, 0, 0, 1),
(1048042, 1, 0, 8, 0, 0, 0, 0, 0, 1),
(1048043, 1, 0, 8, 0, 0, 0, 0, 0, 1),
(1048044, 1, 0, 8, 0, 0, 0, 0, 0, 1),
(1048045, 2, 0, 8, 0, 0, 0, 0, 0, 1),
(1048047, 1, 0, 8, 0, 0, 0, 0, 0, 1),
(1048048, 2, 0, 8, 0, 0, 0, 0, 0, 1),
(1048049, 1, 0, 8, 0, 0, 0, 0, 0, 1),
(1048050, 1, 0, 8, 0, 0, 0, 0, 0, 1),
(1048051, 2, 0, 8, 0, 0, 0, 0, 0, 1),
(1048057, 1, 0, 8, 0, 0, 0, 0, 0, 1),
(1048058, 2, 0, 8, 0, 0, 0, 0, 0, 1),
(1048059, 1, 0, 8, 0, 0, 0, 0, 0, 1),
(1048060, 2, 0, 8, 0, 0, 0, 0, 0, 1),
(1048061, 1, 0, 8, 0, 0, 0, 0, 0, 1),
(1048062, 2, 0, 8, 0, 0, 0, 0, 0, 1),
(1048064, 2, 0, 8, 0, 0, 0, 0, 0, 1),
(1048065, 1, 0, 8, 0, 0, 0, 0, 0, 1),
(1048066, 2, 0, 8, 0, 0, 0, 0, 0, 1),
(1048067, 1, 0, 8, 0, 0, 0, 0, 0, 1),
(1048068, 2, 0, 8, 0, 0, 0, 0, 0, 1),
(1048069, 1, 0, 8, 0, 0, 0, 0, 0, 1),
(1048070, 2, 0, 8, 0, 0, 0, 0, 0, 1),
(1048071, 1, 0, 8, 0, 0, 0, 0, 0, 1),
(1048072, 2, 0, 8, 0, 0, 0, 0, 0, 1),
(1048073, 1, 0, 8, 0, 0, 0, 0, 0, 1),
(1048074, 2, 0, 8, 0, 0, 0, 0, 0, 1),
(1048075, 1, 0, 8, 0, 0, 0, 0, 0, 1),
(1048077, 1, 0, 8, 0, 0, 0, 0, 0, 1),
(1048078, 2, 0, 8, 0, 0, 0, 0, 0, 1),
(1048079, 1, 0, 8, 0, 0, 0, 0, 0, 1),
(1048080, 2, 0, 8, 0, 0, 0, 0, 0, 1),
(1048081, 1, 0, 8, 0, 0, 0, 0, 0, 1),
(1048082, 2, 0, 8, 0, 0, 0, 0, 0, 1),
(1048083, 1, 0, 8, 0, 0, 0, 0, 0, 1),
(1048084, 2, 0, 8, 0, 0, 0, 0, 0, 1),
(1048085, 1, 0, 8, 0, 0, 0, 0, 0, 1),
(1048086, 2, 0, 8, 0, 0, 0, 0, 0, 1),
(1048087, 1, 0, 8, 0, 0, 0, 0, 0, 1),
(1048088, 2, 0, 8, 0, 0, 0, 0, 0, 1),
(1048089, 1, 0, 8, 0, 0, 0, 0, 0, 1),
(1048090, 2, 0, 8, 0, 0, 0, 0, 0, 1),
(1048100, 1, 0, 8, 0, 0, 0, 0, 0, 1),
(1048101, 2, 0, 8, 0, 0, 0, 0, 0, 1),
(1048102, 1, 0, 8, 0, 0, 0, 0, 0, 1),
(1048103, 2, 0, 8, 0, 0, 0, 0, 0, 1),
(1048104, 1, 0, 8, 0, 0, 0, 0, 0, 1),
(1048105, 2, 0, 8, 0, 0, 0, 0, 0, 1),
(1048106, 1, 0, 8, 0, 0, 0, 0, 0, 1),
(1048107, 2, 0, 8, 0, 0, 0, 0, 0, 1),
(1048108, 1, 0, 8, 0, 0, 0, 0, 0, 1),
(1048109, 2, 0, 8, 0, 0, 0, 0, 0, 1),
(1048110, 1, 0, 8, 0, 0, 0, 0, 0, 1),
(1048111, 2, 0, 8, 0, 0, 0, 0, 0, 1),
(1048112, 1, 0, 8, 0, 0, 0, 0, 0, 1),
(1048113, 2, 0, 8, 0, 0, 0, 0, 0, 1),
(1048114, 1, 0, 8, 0, 0, 0, 0, 0, 1),
(1048115, 2, 0, 8, 0, 0, 0, 0, 0, 1),
(1048116, 1, 0, 8, 0, 0, 0, 0, 0, 1),
(1048117, 2, 0, 8, 0, 0, 0, 0, 0, 1),
(1048118, 1, 0, 8, 0, 0, 0, 0, 0, 1),
(1048119, 2, 0, 8, 0, 0, 0, 0, 0, 1),
(1048122, 1, 0, 8, 0, 0, 0, 0, 0, 1),
(1048123, 2, 0, 8, 0, 0, 0, 0, 0, 1),
(1048124, 1, 0, 8, 0, 0, 0, 0, 0, 1),
(1048125, 2, 0, 8, 0, 0, 0, 0, 0, 1),
(1048126, 1, 0, 8, 0, 0, 0, 0, 0, 1),
(1048127, 2, 0, 8, 0, 0, 0, 0, 0, 1),
(1048128, 2, 0, 8, 0, 0, 0, 0, 0, 1),
(1048129, 1, 0, 8, 0, 0, 0, 0, 0, 1),
(1048130, 1, 0, 8, 0, 0, 0, 0, 0, 1),
(1048131, 2, 0, 8, 0, 0, 0, 0, 0, 1),
(1048132, 1, 0, 8, 0, 0, 0, 0, 0, 1),
(1048133, 2, 0, 8, 0, 0, 0, 0, 0, 1),
(1048134, 1, 0, 8, 0, 0, 0, 0, 0, 1),
(1048135, 2, 0, 8, 0, 0, 0, 0, 0, 1),
(1048136, 1, 0, 8, 0, 0, 0, 0, 0, 1),
(1048137, 2, 0, 8, 0, 0, 0, 0, 0, 1),
(1048138, 1, 0, 8, 0, 0, 0, 0, 0, 1),
(1048139, 2, 0, 8, 0, 0, 0, 0, 0, 1),
(1048140, 1, 0, 8, 0, 0, 0, 0, 0, 1),
(1048141, 2, 0, 8, 0, 0, 0, 0, 0, 1),
(1048142, 1, 0, 8, 0, 0, 0, 0, 0, 1),
(1048144, 1, 0, 8, 0, 0, 0, 0, 0, 1),
(1048145, 2, 0, 8, 0, 0, 0, 0, 0, 1),
(1048146, 1, 0, 8, 0, 0, 0, 0, 0, 1),
(1048147, 2, 0, 8, 0, 0, 0, 0, 0, 1),
(1048148, 1, 0, 8, 0, 0, 0, 0, 0, 1),
(1048149, 1, 0, 8, 0, 0, 0, 0, 0, 1),
(1048150, 1, 0, 8, 0, 0, 0, 0, 0, 1),
(1048151, 1, 0, 8, 0, 0, 0, 0, 0, 1),
(1048152, 1, 0, 8, 0, 0, 0, 0, 0, 1),
(1048153, 2, 0, 8, 0, 0, 0, 0, 0, 1),
(1048154, 2, 0, 8, 0, 0, 0, 0, 0, 1),
(1048155, 2, 0, 8, 0, 0, 0, 0, 0, 1),
(1048156, 2, 0, 8, 0, 0, 0, 0, 0, 1),
(1048157, 2, 0, 8, 0, 0, 0, 0, 0, 1),
(1048158, 1, 0, 8, 0, 0, 0, 0, 0, 1),
(1048159, 2, 0, 8, 0, 0, 0, 0, 0, 1),
(1048160, 1, 0, 8, 0, 0, 0, 0, 0, 1),
(1048161, 2, 0, 8, 0, 0, 0, 0, 0, 1),
(1048162, 1, 0, 8, 0, 0, 0, 0, 0, 1),
(1048163, 2, 0, 8, 0, 0, 0, 0, 0, 1),
(1048164, 1, 0, 8, 0, 0, 0, 0, 0, 1),
(1048165, 2, 0, 8, 0, 0, 0, 0, 0, 1),
(1048166, 1, 0, 8, 0, 0, 0, 0, 0, 1),
(1048167, 2, 0, 8, 0, 0, 0, 0, 0, 1),
(1048168, 1, 0, 8, 0, 0, 0, 0, 0, 1),
(1048169, 2, 0, 8, 0, 0, 0, 0, 0, 1),
(1048170, 1, 0, 8, 0, 0, 0, 0, 0, 1),
(1048171, 2, 0, 8, 0, 0, 0, 0, 0, 1),
(1048172, 1, 0, 8, 0, 0, 0, 0, 0, 1),
(1048173, 2, 0, 8, 0, 0, 0, 0, 0, 1),
(1048174, 1, 0, 8, 0, 0, 0, 0, 0, 1),
(1048175, 2, 0, 8, 0, 0, 0, 0, 0, 1),
(1048176, 1, 0, 8, 0, 0, 0, 0, 0, 1),
(1048177, 2, 0, 8, 0, 0, 0, 0, 0, 1),
(1048178, 1, 0, 8, 0, 0, 0, 0, 0, 1),
(1048179, 2, 0, 8, 0, 0, 0, 0, 0, 1),
(1048180, 1, 0, 8, 0, 0, 0, 0, 0, 1),
(1048181, 2, 0, 8, 0, 0, 0, 0, 0, 1),
(1048182, 1, 0, 8, 0, 0, 0, 0, 0, 1),
(1048183, 2, 0, 8, 0, 0, 0, 0, 0, 1),
(1048184, 1, 0, 8, 0, 0, 0, 0, 0, 1),
(1048185, 2, 0, 8, 0, 0, 0, 0, 0, 1),
(1048186, 1, 0, 8, 0, 0, 0, 0, 0, 1),
(1048187, 2, 0, 8, 0, 0, 0, 0, 0, 1),
(1048188, 1, 0, 8, 0, 0, 0, 0, 0, 1),
(1048189, 2, 0, 8, 0, 0, 0, 0, 0, 1),
(1048190, 1, 0, 8, 0, 0, 0, 0, 0, 1),
(1048191, 2, 0, 8, 0, 0, 0, 0, 0, 1),
(1048192, 1, 0, 8, 0, 0, 0, 0, 0, 1),
(1048193, 2, 0, 8, 0, 0, 0, 0, 0, 1),
(1048194, 1, 0, 8, 0, 0, 0, 0, 0, 1),
(1048195, 2, 0, 8, 0, 0, 0, 0, 0, 1),
(1048196, 1, 0, 8, 0, 0, 0, 0, 0, 1),
(1048198, 2, 0, 8, 0, 0, 0, 0, 0, 1),
(1048202, 1, 0, 8, 0, 0, 0, 0, 0, 1),
(1048203, 2, 0, 8, 0, 0, 0, 0, 0, 1),
(1048204, 1, 0, 8, 0, 0, 0, 0, 0, 1),
(1048205, 2, 0, 8, 0, 0, 0, 0, 0, 1),
(1048206, 1, 0, 8, 0, 0, 0, 0, 0, 1),
(1048207, 2, 0, 8, 0, 0, 0, 0, 0, 1),
(1048208, 1, 0, 8, 0, 0, 0, 0, 0, 1),
(1048209, 2, 0, 8, 0, 0, 0, 0, 0, 1),
(1048210, 1, 0, 8, 0, 0, 0, 0, 0, 1),
(1048211, 2, 0, 8, 0, 0, 0, 0, 0, 1),
(1048212, 1, 0, 8, 0, 0, 0, 0, 0, 1),
(1048213, 2, 0, 8, 0, 0, 0, 0, 0, 1),
(1048221, 1, 0, 8, 0, 0, 0, 0, 0, 1),
(1048222, 2, 0, 8, 0, 0, 0, 0, 0, 1),
(1048223, 1, 0, 8, 0, 0, 0, 0, 0, 1),
(1048224, 2, 0, 8, 0, 0, 0, 0, 0, 1),
(1048225, 1, 0, 8, 0, 0, 0, 0, 0, 1),
(1048226, 2, 0, 8, 0, 0, 0, 0, 0, 1),
(1048227, 1, 0, 8, 0, 0, 0, 0, 0, 1),
(1048228, 2, 0, 8, 0, 0, 0, 0, 0, 1),
(1048300, 2, 0, 8, 0, 0, 0, 0, 0, 1),
(1048301, 1, 0, 8, 0, 0, 0, 0, 0, 1),
(1048302, 2, 0, 8, 0, 0, 0, 0, 0, 1),
(1048303, 1, 0, 8, 0, 0, 0, 0, 0, 1),
(1050001, 2, 0, 8, 0, 0, 0, 0, 0, 1),
(1050002, 1, 0, 8, 0, 0, 0, 0, 0, 1),
(1050003, 2, 0, 8, 0, 0, 0, 0, 0, 1),
(1050004, 2, 0, 8, 0, 0, 0, 0, 0, 1),
(1050005, 2, 0, 8, 0, 0, 0, 0, 0, 1),
(1050006, 2, 0, 8, 0, 0, 0, 0, 0, 1),
(1050007, 2, 0, 8, 0, 0, 0, 0, 0, 1),
(1050008, 2, 0, 8, 0, 0, 0, 0, 0, 1),
(1050009, 2, 0, 8, 0, 0, 0, 0, 0, 1),
(1050010, 2, 0, 8, 0, 0, 0, 0, 0, 1),
(1050011, 2, 0, 8, 0, 0, 0, 0, 0, 1),
(1050012, 2, 0, 8, 0, 0, 0, 0, 0, 1),
(1050013, 2, 0, 8, 0, 0, 0, 0, 0, 1),
(1050014, 2, 0, 8, 0, 0, 0, 0, 0, 1),
(1050015, 2, 0, 8, 0, 0, 0, 0, 0, 1),
(1050016, 2, 0, 8, 0, 0, 0, 0, 0, 1),
(1050017, 2, 0, 8, 0, 0, 0, 0, 0, 1),
(1050018, 2, 0, 8, 0, 0, 0, 0, 0, 1),
(1050019, 2, 0, 8, 0, 0, 0, 0, 0, 1),
(1050020, 2, 0, 8, 0, 0, 0, 0, 0, 1),
(1050021, 1, 0, 8, 0, 0, 0, 0, 0, 1),
(1050022, 1, 0, 8, 0, 0, 0, 0, 0, 1),
(1050023, 1, 0, 8, 0, 0, 0, 0, 0, 1),
(1050024, 1, 0, 8, 0, 0, 0, 0, 0, 1),
(1050025, 1, 0, 8, 0, 0, 0, 0, 0, 1),
(1050026, 1, 0, 8, 0, 0, 0, 0, 0, 1),
(1050027, 1, 0, 8, 0, 0, 0, 0, 0, 1),
(1050028, 1, 0, 8, 0, 0, 0, 0, 0, 1),
(1050029, 1, 0, 8, 0, 0, 0, 0, 0, 1),
(1050030, 1, 0, 8, 0, 0, 0, 0, 0, 1),
(1050031, 1, 0, 8, 0, 0, 0, 0, 0, 1),
(1050032, 1, 0, 8, 0, 0, 0, 0, 0, 1),
(1050033, 1, 0, 8, 0, 0, 0, 0, 0, 1),
(1050034, 1, 0, 8, 0, 0, 0, 0, 0, 1),
(1050035, 1, 0, 8, 0, 0, 0, 0, 0, 1),
(1050036, 1, 0, 8, 0, 0, 0, 0, 0, 1),
(1050037, 2, 0, 8, 0, 0, 0, 0, 0, 1),
(1050038, 1, 0, 8, 0, 0, 0, 0, 0, 1),
(1050039, 1, 0, 8, 0, 0, 0, 0, 0, 1),
(1050040, 1, 0, 8, 0, 0, 0, 0, 0, 1),
(1050041, 2, 0, 8, 0, 0, 0, 0, 0, 1),
(1050042, 2, 0, 8, 0, 0, 0, 0, 0, 1),
(1050043, 1, 0, 8, 0, 0, 0, 0, 0, 1),
(1050044, 1, 0, 8, 0, 0, 0, 0, 0, 1),
(1050045, 2, 0, 8, 0, 0, 0, 0, 0, 1),
(1050046, 1, 0, 8, 0, 0, 0, 0, 0, 1),
(1050047, 2, 0, 8, 0, 0, 0, 0, 0, 1),
(1050048, 2, 0, 8, 0, 0, 0, 0, 0, 1),
(1050049, 1, 0, 8, 0, 0, 0, 0, 0, 1);
INSERT INTO `shop_items` (`Id`, `RequiredGender`, `RequiredLicense`, `Colors`, `UniqueColors`, `RequiredLevel`, `LevelLimit`, `RequiredMasterLevel`, `IsOneTimeUse`, `IsDestroyable`) VALUES
(1050051, 2, 0, 8, 0, 0, 0, 0, 0, 1),
(1050052, 1, 0, 8, 0, 0, 0, 0, 0, 1),
(1050054, 2, 0, 8, 0, 0, 0, 0, 0, 1),
(1050055, 1, 0, 8, 0, 0, 0, 0, 0, 1),
(1050056, 2, 0, 8, 0, 0, 0, 0, 0, 1),
(1050057, 1, 0, 8, 0, 0, 0, 0, 0, 1),
(1050058, 2, 0, 8, 0, 0, 0, 0, 0, 1),
(1050059, 1, 0, 8, 0, 0, 0, 0, 0, 1),
(1050060, 2, 0, 8, 0, 0, 0, 0, 0, 1),
(1050061, 1, 0, 8, 0, 0, 0, 0, 0, 1),
(1050062, 1, 0, 8, 0, 0, 0, 0, 0, 1),
(1050063, 1, 0, 8, 0, 0, 0, 0, 0, 1),
(1050064, 1, 0, 8, 0, 0, 0, 0, 0, 1),
(1050065, 2, 0, 8, 0, 0, 0, 0, 0, 1),
(1050066, 2, 0, 8, 0, 0, 0, 0, 0, 1),
(1050067, 2, 0, 8, 0, 0, 0, 0, 0, 1),
(1051001, 1, 0, 8, 0, 0, 0, 0, 0, 1),
(1051002, 2, 0, 8, 0, 0, 0, 0, 0, 1),
(1051003, 2, 0, 8, 0, 0, 0, 0, 0, 1),
(1051006, 1, 0, 8, 0, 0, 0, 0, 0, 1),
(1051007, 2, 0, 8, 0, 0, 0, 0, 0, 1),
(1051008, 2, 0, 8, 0, 0, 0, 0, 0, 1),
(1051009, 1, 0, 8, 0, 0, 0, 0, 0, 1),
(1051010, 1, 0, 8, 0, 0, 0, 0, 0, 1),
(1051011, 2, 0, 8, 0, 0, 0, 0, 0, 1),
(1051015, 2, 0, 8, 0, 0, 0, 0, 0, 1),
(1051016, 1, 0, 8, 0, 0, 0, 0, 0, 1),
(1051017, 2, 0, 8, 0, 0, 0, 0, 0, 1),
(1051018, 1, 0, 8, 0, 0, 0, 0, 0, 1),
(1057001, 2, 0, 8, 0, 0, 0, 0, 0, 1),
(1057002, 1, 0, 8, 0, 0, 0, 0, 0, 1),
(1057003, 2, 0, 8, 0, 0, 0, 0, 0, 1),
(1057004, 2, 0, 8, 0, 0, 0, 0, 0, 1),
(1057005, 2, 0, 8, 0, 0, 0, 0, 0, 1),
(1057006, 2, 0, 8, 0, 0, 0, 0, 0, 1),
(1057007, 2, 0, 8, 0, 0, 0, 0, 0, 1),
(1057008, 2, 0, 8, 0, 0, 0, 0, 0, 1),
(1057009, 2, 0, 8, 0, 0, 0, 0, 0, 1),
(1057010, 2, 0, 8, 0, 0, 0, 0, 0, 1),
(1057011, 2, 0, 8, 0, 0, 0, 0, 0, 1),
(1057012, 2, 0, 8, 0, 0, 0, 0, 0, 1),
(1057013, 2, 0, 8, 0, 0, 0, 0, 0, 1),
(1057014, 2, 0, 8, 0, 0, 0, 0, 0, 1),
(1057015, 2, 0, 8, 0, 0, 0, 0, 0, 1),
(1057016, 2, 0, 8, 0, 0, 0, 0, 0, 1),
(1057017, 2, 0, 8, 0, 0, 0, 0, 0, 1),
(1057018, 2, 0, 8, 0, 0, 0, 0, 0, 1),
(1057019, 2, 0, 8, 0, 0, 0, 0, 0, 1),
(1057020, 2, 0, 8, 0, 0, 0, 0, 0, 1),
(1057021, 1, 0, 8, 0, 0, 0, 0, 0, 1),
(1057022, 1, 0, 8, 0, 0, 0, 0, 0, 1),
(1057023, 1, 0, 8, 0, 0, 0, 0, 0, 1),
(1057024, 1, 0, 8, 0, 0, 0, 0, 0, 1),
(1057025, 1, 0, 8, 0, 0, 0, 0, 0, 1),
(1057026, 1, 0, 8, 0, 0, 0, 0, 0, 1),
(1057027, 1, 0, 8, 0, 0, 0, 0, 0, 1),
(1057028, 1, 0, 8, 0, 0, 0, 0, 0, 1),
(1057029, 1, 0, 8, 0, 0, 0, 0, 0, 1),
(1057030, 1, 0, 8, 0, 0, 0, 0, 0, 1),
(1057031, 1, 0, 8, 0, 0, 0, 0, 0, 1),
(1057032, 1, 0, 8, 0, 0, 0, 0, 0, 1),
(1057033, 1, 0, 8, 0, 0, 0, 0, 0, 1),
(1057034, 1, 0, 8, 0, 0, 0, 0, 0, 1),
(1057035, 1, 0, 8, 0, 0, 0, 0, 0, 1),
(1057036, 1, 0, 8, 0, 0, 0, 0, 0, 1),
(1057037, 2, 0, 8, 0, 0, 0, 0, 0, 1),
(1057038, 1, 0, 8, 0, 0, 0, 0, 0, 1),
(1057039, 1, 0, 8, 0, 0, 0, 0, 0, 1),
(1057040, 1, 0, 8, 0, 0, 0, 0, 0, 1),
(1057041, 2, 0, 8, 0, 0, 0, 0, 0, 1),
(1057042, 2, 0, 8, 0, 0, 0, 0, 0, 1),
(1057043, 1, 0, 8, 0, 0, 0, 0, 0, 1),
(1057044, 1, 0, 8, 0, 0, 0, 0, 0, 1),
(1057045, 2, 0, 8, 0, 0, 0, 0, 0, 1),
(1057046, 1, 0, 8, 0, 0, 0, 0, 0, 1),
(1057047, 2, 0, 8, 0, 0, 0, 0, 0, 1),
(1057048, 2, 0, 8, 0, 0, 0, 0, 0, 1),
(1057049, 1, 0, 8, 0, 0, 0, 0, 0, 1),
(1057051, 2, 0, 8, 0, 0, 0, 0, 0, 1),
(1057052, 1, 0, 8, 0, 0, 0, 0, 0, 1),
(1057054, 2, 0, 8, 0, 0, 0, 0, 0, 1),
(1057055, 1, 0, 8, 0, 0, 0, 0, 0, 1),
(1057056, 2, 0, 8, 0, 0, 0, 0, 0, 1),
(1057057, 1, 0, 8, 0, 0, 0, 0, 0, 1),
(1057058, 2, 0, 8, 0, 0, 0, 0, 0, 1),
(1057059, 1, 0, 8, 0, 0, 0, 0, 0, 1),
(1057060, 2, 0, 8, 0, 0, 0, 0, 0, 1),
(1057061, 1, 0, 8, 0, 0, 0, 0, 0, 1),
(1057062, 1, 0, 8, 0, 0, 0, 0, 0, 1),
(1057063, 1, 0, 8, 0, 0, 0, 0, 0, 1),
(1057064, 1, 0, 8, 0, 0, 0, 0, 0, 1),
(1057065, 2, 0, 8, 0, 0, 0, 0, 0, 1),
(1057066, 2, 0, 8, 0, 0, 0, 0, 0, 1),
(1057067, 2, 0, 8, 0, 0, 0, 0, 0, 1),
(1058001, 1, 0, 8, 0, 0, 0, 0, 0, 1),
(1058002, 2, 0, 8, 0, 0, 0, 0, 0, 1),
(1058003, 2, 0, 8, 0, 0, 0, 0, 0, 1),
(1058006, 1, 0, 8, 0, 0, 0, 0, 0, 1),
(1058007, 2, 0, 8, 0, 0, 0, 0, 0, 1),
(1058008, 2, 0, 8, 0, 0, 0, 0, 0, 1),
(1058009, 1, 0, 8, 0, 0, 0, 0, 0, 1),
(1058010, 1, 0, 8, 0, 0, 0, 0, 0, 1),
(1058011, 2, 0, 8, 0, 0, 0, 0, 0, 1),
(1058015, 2, 0, 8, 0, 0, 0, 0, 0, 1),
(1058016, 1, 0, 8, 0, 0, 0, 0, 0, 1),
(1058017, 2, 0, 8, 0, 0, 0, 0, 0, 1),
(1058018, 1, 0, 8, 0, 0, 0, 0, 0, 1),
(1058019, 2, 0, 8, 0, 0, 0, 0, 0, 1),
(1058020, 1, 0, 8, 0, 0, 0, 0, 0, 1),
(1058021, 2, 0, 8, 0, 0, 0, 0, 0, 1),
(1058022, 1, 0, 8, 0, 0, 0, 0, 0, 1),
(1058023, 2, 0, 8, 0, 0, 0, 0, 0, 1),
(1058024, 1, 0, 8, 0, 0, 0, 0, 0, 1),
(1058027, 1, 0, 8, 0, 0, 0, 0, 0, 1),
(1058028, 2, 0, 8, 0, 0, 0, 0, 0, 1),
(1058029, 1, 0, 8, 0, 0, 0, 0, 0, 1),
(1058030, 2, 0, 8, 0, 0, 0, 0, 0, 1),
(1058031, 1, 0, 8, 0, 0, 0, 0, 0, 1),
(1058032, 2, 0, 8, 0, 0, 0, 0, 0, 1),
(1058033, 1, 0, 8, 0, 0, 0, 0, 0, 1),
(1058034, 2, 0, 8, 0, 0, 0, 0, 0, 1),
(1058035, 1, 0, 8, 0, 0, 0, 0, 0, 1),
(1058036, 2, 0, 8, 0, 0, 0, 0, 0, 1),
(1058037, 1, 0, 8, 0, 0, 0, 0, 0, 1),
(1058038, 2, 0, 8, 0, 0, 0, 0, 0, 1),
(1058039, 2, 0, 8, 0, 0, 0, 0, 0, 1),
(1058040, 2, 0, 8, 0, 0, 0, 0, 0, 1),
(1058041, 2, 0, 8, 0, 0, 0, 0, 0, 1),
(1058042, 1, 0, 8, 0, 0, 0, 0, 0, 1),
(1058043, 1, 0, 8, 0, 0, 0, 0, 0, 1),
(1058044, 1, 0, 8, 0, 0, 0, 0, 0, 1),
(1058045, 2, 0, 8, 0, 0, 0, 0, 0, 1),
(1058047, 1, 0, 8, 0, 0, 0, 0, 0, 1),
(1058048, 2, 0, 8, 0, 0, 0, 0, 0, 1),
(1058049, 1, 0, 8, 0, 0, 0, 0, 0, 1),
(1058050, 1, 0, 8, 0, 0, 0, 0, 0, 1),
(1058051, 2, 0, 8, 0, 0, 0, 0, 0, 1),
(1058057, 1, 0, 8, 0, 0, 0, 0, 0, 1),
(1058058, 2, 0, 8, 0, 0, 0, 0, 0, 1),
(1058059, 1, 0, 8, 0, 0, 0, 0, 0, 1),
(1058060, 2, 0, 8, 0, 0, 0, 0, 0, 1),
(1058061, 1, 0, 8, 0, 0, 0, 0, 0, 1),
(1058062, 2, 0, 8, 0, 0, 0, 0, 0, 1),
(1058065, 1, 0, 8, 0, 0, 0, 0, 0, 1),
(1058066, 2, 0, 8, 0, 0, 0, 0, 0, 1),
(1058067, 1, 0, 8, 0, 0, 0, 0, 0, 1),
(1058068, 2, 0, 8, 0, 0, 0, 0, 0, 1),
(1058069, 1, 0, 8, 0, 0, 0, 0, 0, 1),
(1058070, 2, 0, 8, 0, 0, 0, 0, 0, 1),
(1058071, 1, 0, 8, 0, 0, 0, 0, 0, 1),
(1058072, 2, 0, 8, 0, 0, 0, 0, 0, 1),
(1058073, 1, 0, 8, 0, 0, 0, 0, 0, 1),
(1058074, 2, 0, 8, 0, 0, 0, 0, 0, 1),
(1058075, 1, 0, 8, 0, 0, 0, 0, 0, 1),
(1058076, 2, 0, 8, 0, 0, 0, 0, 0, 1),
(1058077, 1, 0, 8, 0, 0, 0, 0, 0, 1),
(1058078, 2, 0, 8, 0, 0, 0, 0, 0, 1),
(1058079, 1, 0, 8, 0, 0, 0, 0, 0, 1),
(1058080, 2, 0, 8, 0, 0, 0, 0, 0, 1),
(1058081, 1, 0, 8, 0, 0, 0, 0, 0, 1),
(1058082, 2, 0, 8, 0, 0, 0, 0, 0, 1),
(1058083, 1, 0, 8, 0, 0, 0, 0, 0, 1),
(1058084, 2, 0, 8, 0, 0, 0, 0, 0, 1),
(1058085, 1, 0, 8, 0, 0, 0, 0, 0, 1),
(1058086, 2, 0, 8, 0, 0, 0, 0, 0, 1),
(1058087, 1, 0, 8, 0, 0, 0, 0, 0, 1),
(1058088, 2, 0, 8, 0, 0, 0, 0, 0, 1),
(1058089, 1, 0, 8, 0, 0, 0, 0, 0, 1),
(1058090, 2, 0, 8, 0, 0, 0, 0, 0, 1),
(1058100, 1, 0, 8, 0, 0, 0, 0, 0, 1),
(1058101, 2, 0, 8, 0, 0, 0, 0, 0, 1),
(1058102, 1, 0, 8, 0, 0, 0, 0, 0, 1),
(1058103, 2, 0, 8, 0, 0, 0, 0, 0, 1),
(1058104, 1, 0, 8, 0, 0, 0, 0, 0, 1),
(1058105, 2, 0, 8, 0, 0, 0, 0, 0, 1),
(1058106, 1, 0, 8, 0, 0, 0, 0, 0, 1),
(1058107, 2, 0, 8, 0, 0, 0, 0, 0, 1),
(1058108, 1, 0, 8, 0, 0, 0, 0, 0, 1),
(1058109, 2, 0, 8, 0, 0, 0, 0, 0, 1),
(1058110, 1, 0, 8, 0, 0, 0, 0, 0, 1),
(1058111, 2, 0, 8, 0, 0, 0, 0, 0, 1),
(1058112, 1, 0, 8, 0, 0, 0, 0, 0, 1),
(1058113, 2, 0, 8, 0, 0, 0, 0, 0, 1),
(1058114, 1, 0, 8, 0, 0, 0, 0, 0, 1),
(1058115, 2, 0, 8, 0, 0, 0, 0, 0, 1),
(1058116, 1, 0, 8, 0, 0, 0, 0, 0, 1),
(1058117, 2, 0, 8, 0, 0, 0, 0, 0, 1),
(1058118, 1, 0, 8, 0, 0, 0, 0, 0, 1),
(1058119, 2, 0, 8, 0, 0, 0, 0, 0, 1),
(1058122, 1, 0, 8, 0, 0, 0, 0, 0, 1),
(1058123, 2, 0, 8, 0, 0, 0, 0, 0, 1),
(1058124, 1, 0, 8, 0, 0, 0, 0, 0, 1),
(1058125, 2, 0, 8, 0, 0, 0, 0, 0, 1),
(1058126, 1, 0, 8, 0, 0, 0, 0, 0, 1),
(1058127, 2, 0, 8, 0, 0, 0, 0, 0, 1),
(1058128, 2, 0, 8, 0, 0, 0, 0, 0, 1),
(1058129, 1, 0, 8, 0, 0, 0, 0, 0, 1),
(1058130, 1, 0, 8, 0, 0, 0, 0, 0, 1),
(1058131, 2, 0, 8, 0, 0, 0, 0, 0, 1),
(1058132, 1, 0, 8, 0, 0, 0, 0, 0, 1),
(1058133, 2, 0, 8, 0, 0, 0, 0, 0, 1),
(1058134, 1, 0, 8, 0, 0, 0, 0, 0, 1),
(1058135, 2, 0, 8, 0, 0, 0, 0, 0, 1),
(1058136, 1, 0, 8, 0, 0, 0, 0, 0, 1),
(1058137, 2, 0, 8, 0, 0, 0, 0, 0, 1),
(1058138, 1, 0, 8, 0, 0, 0, 0, 0, 1),
(1058139, 2, 0, 8, 0, 0, 0, 0, 0, 1),
(1058140, 1, 0, 8, 0, 0, 0, 0, 0, 1),
(1058141, 2, 0, 8, 0, 0, 0, 0, 0, 1),
(1058142, 1, 0, 8, 0, 0, 0, 0, 0, 1),
(1058144, 1, 0, 8, 0, 0, 0, 0, 0, 1),
(1058145, 2, 0, 8, 0, 0, 0, 0, 0, 1),
(1058146, 1, 0, 8, 0, 0, 0, 0, 0, 1),
(1058147, 2, 0, 8, 0, 0, 0, 0, 0, 1),
(1058148, 1, 0, 8, 0, 0, 0, 0, 0, 1),
(1058149, 1, 0, 8, 0, 0, 0, 0, 0, 1),
(1058150, 1, 0, 8, 0, 0, 0, 0, 0, 1),
(1058151, 1, 0, 8, 0, 0, 0, 0, 0, 1),
(1058152, 1, 0, 8, 0, 0, 0, 0, 0, 1),
(1058153, 2, 0, 8, 0, 0, 0, 0, 0, 1),
(1058154, 2, 0, 8, 0, 0, 0, 0, 0, 1),
(1058155, 2, 0, 8, 0, 0, 0, 0, 0, 1),
(1058156, 2, 0, 8, 0, 0, 0, 0, 0, 1),
(1058157, 2, 0, 8, 0, 0, 0, 0, 0, 1),
(1058158, 1, 0, 8, 0, 0, 0, 0, 0, 1),
(1058159, 2, 0, 8, 0, 0, 0, 0, 0, 1),
(1058160, 1, 0, 8, 0, 0, 0, 0, 0, 1),
(1058161, 2, 0, 8, 0, 0, 0, 0, 0, 1),
(1058162, 1, 0, 8, 0, 0, 0, 0, 0, 1),
(1058163, 2, 0, 8, 0, 0, 0, 0, 0, 1),
(1058164, 1, 0, 8, 0, 0, 0, 0, 0, 1),
(1058165, 2, 0, 8, 0, 0, 0, 0, 0, 1),
(1058166, 1, 0, 8, 0, 0, 0, 0, 0, 1),
(1058167, 2, 0, 8, 0, 0, 0, 0, 0, 1),
(1058168, 1, 0, 8, 0, 0, 0, 0, 0, 1),
(1058169, 2, 0, 8, 0, 0, 0, 0, 0, 1),
(1058170, 1, 0, 8, 0, 0, 0, 0, 0, 1),
(1058171, 2, 0, 8, 0, 0, 0, 0, 0, 1),
(1058172, 1, 0, 8, 0, 0, 0, 0, 0, 1),
(1058173, 2, 0, 8, 0, 0, 0, 0, 0, 1),
(1058174, 1, 0, 8, 0, 0, 0, 0, 0, 1),
(1058175, 2, 0, 8, 0, 0, 0, 0, 0, 1),
(1058176, 1, 0, 8, 0, 0, 0, 0, 0, 1),
(1058177, 2, 0, 8, 0, 0, 0, 0, 0, 1),
(1058178, 1, 0, 8, 0, 0, 0, 0, 0, 1),
(1058179, 2, 0, 8, 0, 0, 0, 0, 0, 1),
(1058180, 1, 0, 8, 0, 0, 0, 0, 0, 1),
(1058181, 2, 0, 8, 0, 0, 0, 0, 0, 1),
(1058182, 1, 0, 8, 0, 0, 0, 0, 0, 1),
(1058183, 2, 0, 8, 0, 0, 0, 0, 0, 1),
(1058184, 1, 0, 8, 0, 0, 0, 0, 0, 1),
(1058185, 2, 0, 8, 0, 0, 0, 0, 0, 1),
(1058186, 1, 0, 8, 0, 0, 0, 0, 0, 1),
(1058187, 2, 0, 8, 0, 0, 0, 0, 0, 1),
(1058188, 1, 0, 8, 0, 0, 0, 0, 0, 1),
(1058189, 2, 0, 8, 0, 0, 0, 0, 0, 1),
(1058190, 1, 0, 8, 0, 0, 0, 0, 0, 1),
(1058191, 2, 0, 8, 0, 0, 0, 0, 0, 1),
(1058192, 1, 0, 8, 0, 0, 0, 0, 0, 1),
(1058193, 2, 0, 8, 0, 0, 0, 0, 0, 1),
(1058194, 1, 0, 8, 0, 0, 0, 0, 0, 1),
(1058195, 2, 0, 8, 0, 0, 0, 0, 0, 1),
(1058196, 1, 0, 8, 0, 0, 0, 0, 0, 1),
(1058198, 2, 0, 8, 0, 0, 0, 0, 0, 1),
(1058202, 1, 0, 8, 0, 0, 0, 0, 0, 1),
(1058203, 2, 0, 8, 0, 0, 0, 0, 0, 1),
(1058204, 1, 0, 8, 0, 0, 0, 0, 0, 1),
(1058205, 2, 0, 8, 0, 0, 0, 0, 0, 1),
(1058206, 1, 0, 8, 0, 0, 0, 0, 0, 1),
(1058207, 2, 0, 8, 0, 0, 0, 0, 0, 1),
(1058208, 1, 0, 8, 0, 0, 0, 0, 0, 1),
(1058209, 2, 0, 8, 0, 0, 0, 0, 0, 1),
(1058210, 1, 0, 8, 0, 0, 0, 0, 0, 1),
(1058211, 2, 0, 8, 0, 0, 0, 0, 0, 1),
(1058212, 1, 0, 8, 0, 0, 0, 0, 0, 1),
(1058213, 2, 0, 8, 0, 0, 0, 0, 0, 1),
(1058221, 1, 0, 8, 0, 0, 0, 0, 0, 1),
(1058222, 2, 0, 8, 0, 0, 0, 0, 0, 1),
(1058223, 1, 0, 8, 0, 0, 0, 0, 0, 1),
(1058224, 2, 0, 8, 0, 0, 0, 0, 0, 1),
(1058225, 1, 0, 8, 0, 0, 0, 0, 0, 1),
(1058226, 2, 0, 8, 0, 0, 0, 0, 0, 1),
(1058227, 1, 0, 8, 0, 0, 0, 0, 0, 1),
(1058228, 2, 0, 8, 0, 0, 0, 0, 0, 1),
(1058300, 2, 0, 8, 0, 0, 0, 0, 0, 1),
(1058301, 1, 0, 8, 0, 0, 0, 0, 0, 1),
(1058302, 2, 0, 8, 0, 0, 0, 0, 0, 1),
(1058303, 1, 0, 8, 0, 0, 0, 0, 0, 1),
(1058999, 2, 0, 8, 0, 0, 0, 0, 0, 1),
(1060000, 0, 0, 8, 0, 0, 0, 0, 0, 1),
(1060001, 0, 0, 8, 0, 0, 0, 0, 0, 1),
(1060002, 0, 0, 8, 0, 0, 0, 0, 0, 1),
(1060003, 0, 0, 8, 0, 0, 0, 0, 0, 1),
(1060004, 0, 0, 8, 0, 0, 0, 0, 0, 1),
(1060005, 0, 0, 8, 0, 0, 0, 0, 0, 1),
(1060006, 0, 0, 8, 0, 0, 0, 0, 0, 1),
(1060007, 0, 0, 8, 0, 0, 0, 0, 0, 1),
(1060008, 0, 0, 8, 0, 0, 0, 0, 0, 1),
(1060009, 0, 0, 8, 0, 0, 0, 0, 0, 1),
(1060010, 0, 0, 8, 0, 0, 0, 0, 0, 1),
(1060011, 0, 0, 8, 0, 0, 0, 0, 0, 1),
(1060012, 0, 0, 8, 0, 0, 0, 0, 0, 1),
(1060013, 2, 0, 8, 0, 0, 0, 0, 0, 1),
(1060014, 2, 0, 8, 0, 0, 0, 0, 0, 1),
(1060015, 2, 0, 8, 0, 0, 0, 0, 0, 1),
(1060016, 2, 0, 8, 0, 0, 0, 0, 0, 1),
(1060017, 2, 0, 8, 0, 0, 0, 0, 0, 1),
(1060018, 2, 0, 8, 0, 0, 0, 0, 0, 1),
(1060019, 2, 0, 8, 0, 0, 0, 0, 0, 1),
(1060020, 2, 0, 8, 0, 0, 0, 0, 0, 1),
(1060021, 2, 0, 8, 0, 0, 0, 0, 0, 1),
(1060022, 2, 0, 8, 0, 0, 0, 0, 0, 1),
(1060023, 1, 0, 8, 0, 0, 0, 0, 0, 1),
(1060024, 1, 0, 8, 0, 0, 0, 0, 0, 1),
(1060025, 1, 0, 8, 0, 0, 0, 0, 0, 1),
(1060026, 1, 0, 8, 0, 0, 0, 0, 0, 1),
(1060027, 1, 0, 8, 0, 0, 0, 0, 0, 1),
(1060028, 1, 0, 8, 0, 0, 0, 0, 0, 1),
(1060029, 1, 0, 8, 0, 0, 0, 0, 0, 1),
(1060030, 1, 0, 8, 0, 0, 0, 0, 0, 1),
(1060031, 1, 0, 8, 0, 0, 0, 0, 0, 1),
(1060032, 1, 0, 8, 0, 0, 0, 0, 0, 1),
(1060033, 1, 0, 8, 0, 0, 0, 0, 0, 1),
(1060034, 1, 0, 8, 0, 0, 0, 0, 0, 1),
(1060035, 1, 0, 8, 0, 0, 0, 0, 0, 1),
(1060036, 2, 0, 8, 0, 0, 0, 0, 0, 1),
(1060037, 2, 0, 8, 0, 0, 0, 0, 0, 1),
(1060038, 2, 0, 8, 0, 0, 0, 0, 0, 1),
(1060039, 2, 0, 8, 0, 0, 0, 0, 0, 1),
(1060040, 0, 0, 8, 0, 0, 0, 0, 0, 1),
(1060041, 2, 0, 8, 0, 0, 0, 0, 0, 1),
(1060042, 1, 0, 8, 0, 0, 0, 0, 0, 1),
(1060043, 0, 0, 8, 0, 0, 0, 0, 0, 1),
(1060044, 0, 0, 8, 0, 0, 0, 0, 0, 1),
(1060045, 0, 0, 8, 0, 0, 0, 0, 0, 1),
(1060046, 2, 0, 8, 0, 0, 0, 0, 0, 1),
(1060047, 1, 0, 8, 0, 0, 0, 0, 0, 1),
(1060048, 2, 0, 8, 0, 0, 0, 0, 0, 1),
(1060049, 1, 0, 8, 0, 0, 0, 0, 0, 1),
(1060050, 0, 0, 8, 0, 0, 0, 0, 0, 1),
(1060051, 1, 0, 8, 0, 0, 0, 0, 0, 1),
(1060052, 0, 0, 8, 0, 0, 0, 0, 0, 1),
(1060053, 1, 0, 8, 0, 0, 0, 0, 0, 1),
(1060054, 0, 0, 8, 0, 0, 0, 0, 0, 1),
(1060055, 0, 0, 8, 0, 0, 0, 0, 0, 1),
(1060056, 0, 0, 8, 0, 0, 0, 0, 0, 1),
(1060057, 0, 0, 8, 0, 0, 0, 0, 0, 1),
(1060058, 1, 0, 8, 0, 0, 0, 0, 0, 1),
(1060059, 2, 0, 8, 0, 0, 0, 0, 0, 1),
(1060060, 2, 0, 8, 0, 0, 0, 0, 0, 1),
(1060061, 1, 0, 8, 0, 0, 0, 0, 0, 1),
(1060062, 0, 0, 8, 0, 0, 0, 0, 0, 1),
(1060063, 0, 0, 8, 0, 0, 0, 0, 0, 1),
(1060064, 1, 0, 8, 0, 0, 0, 0, 0, 1),
(1060065, 0, 0, 8, 0, 0, 0, 0, 0, 1),
(1060066, 0, 0, 8, 0, 0, 0, 0, 0, 1),
(1060067, 1, 0, 8, 0, 0, 0, 0, 0, 1),
(1060068, 1, 0, 8, 0, 0, 0, 0, 0, 1),
(1060069, 1, 0, 8, 0, 0, 0, 0, 0, 1),
(1060070, 2, 0, 8, 0, 0, 0, 0, 0, 1),
(1060071, 1, 0, 8, 0, 0, 0, 0, 0, 1),
(1060072, 2, 0, 8, 0, 0, 0, 0, 0, 1),
(1060074, 0, 0, 8, 0, 0, 0, 0, 0, 1),
(1060075, 0, 0, 8, 0, 0, 0, 0, 0, 1),
(1060077, 1, 0, 8, 0, 0, 0, 0, 0, 1),
(1060078, 2, 0, 8, 0, 0, 0, 0, 0, 1),
(1060079, 2, 0, 8, 0, 0, 0, 0, 0, 1),
(1060080, 1, 0, 8, 0, 0, 0, 0, 0, 1),
(1060081, 2, 0, 8, 0, 0, 0, 0, 0, 1),
(1060082, 0, 0, 8, 0, 0, 0, 0, 0, 1),
(1060083, 0, 0, 8, 0, 0, 0, 0, 0, 1),
(1060084, 2, 0, 8, 0, 0, 0, 0, 0, 1),
(1060085, 1, 0, 8, 0, 0, 0, 0, 0, 1),
(1060086, 0, 0, 8, 0, 0, 0, 0, 0, 1),
(1060087, 2, 0, 8, 0, 0, 0, 0, 0, 1),
(1060088, 1, 0, 8, 0, 0, 0, 0, 0, 1),
(1061003, 2, 0, 8, 0, 0, 0, 0, 0, 1),
(1061004, 2, 0, 8, 0, 0, 0, 0, 0, 1),
(1061005, 1, 0, 8, 0, 0, 0, 0, 0, 1),
(1061008, 2, 0, 8, 0, 0, 0, 0, 0, 1),
(1061009, 1, 0, 8, 0, 0, 0, 0, 0, 1),
(1061010, 2, 0, 8, 0, 0, 0, 0, 0, 1),
(1061011, 2, 0, 8, 0, 0, 0, 0, 0, 1),
(1061012, 1, 0, 8, 0, 0, 0, 0, 0, 1),
(1061013, 2, 0, 8, 0, 0, 0, 0, 0, 1),
(1061014, 1, 0, 8, 0, 0, 0, 0, 0, 1),
(1061015, 2, 0, 8, 0, 0, 0, 0, 0, 1),
(1061016, 1, 0, 8, 0, 0, 0, 0, 0, 1),
(1061017, 2, 0, 8, 0, 0, 0, 0, 0, 1),
(1067000, 0, 0, 8, 0, 0, 0, 0, 0, 1),
(1067004, 0, 0, 8, 0, 0, 0, 0, 0, 1),
(1067005, 0, 0, 8, 0, 0, 0, 0, 0, 1),
(1067006, 0, 0, 8, 0, 0, 0, 0, 0, 1),
(1067007, 0, 0, 8, 0, 0, 0, 0, 0, 1),
(1067008, 0, 0, 8, 0, 0, 0, 0, 0, 1),
(1067009, 0, 0, 8, 0, 0, 0, 0, 0, 1),
(1067010, 0, 0, 8, 0, 0, 0, 0, 0, 1),
(1067011, 0, 0, 8, 0, 0, 0, 0, 0, 1),
(1067012, 0, 0, 8, 0, 0, 0, 0, 0, 1),
(1067013, 2, 0, 8, 0, 0, 0, 0, 0, 1),
(1067014, 2, 0, 8, 0, 0, 0, 0, 0, 1),
(1067015, 2, 0, 8, 0, 0, 0, 0, 0, 1),
(1067016, 2, 0, 8, 0, 0, 0, 0, 0, 1),
(1067017, 2, 0, 8, 0, 0, 0, 0, 0, 1),
(1067018, 2, 0, 8, 0, 0, 0, 0, 0, 1),
(1067019, 2, 0, 8, 0, 0, 0, 0, 0, 1),
(1067020, 2, 0, 8, 0, 0, 0, 0, 0, 1),
(1067021, 2, 0, 8, 0, 0, 0, 0, 0, 1),
(1067022, 2, 0, 8, 0, 0, 0, 0, 0, 1),
(1067023, 1, 0, 8, 0, 0, 0, 0, 0, 1),
(1067024, 1, 0, 8, 0, 0, 0, 0, 0, 1),
(1067025, 1, 0, 8, 0, 0, 0, 0, 0, 1),
(1067026, 1, 0, 8, 0, 0, 0, 0, 0, 1),
(1067027, 1, 0, 8, 0, 0, 0, 0, 0, 1),
(1067028, 1, 0, 8, 0, 0, 0, 0, 0, 1),
(1067029, 1, 0, 8, 0, 0, 0, 0, 0, 1),
(1067030, 1, 0, 8, 0, 0, 0, 0, 0, 1),
(1067031, 1, 0, 8, 0, 0, 0, 0, 0, 1),
(1067032, 1, 0, 8, 0, 0, 0, 0, 0, 1),
(1067033, 1, 0, 8, 0, 0, 0, 0, 0, 1),
(1067034, 1, 0, 8, 0, 0, 0, 0, 0, 1),
(1067035, 1, 0, 8, 0, 0, 0, 0, 0, 1),
(1067036, 2, 0, 8, 0, 0, 0, 0, 0, 1),
(1067037, 2, 0, 8, 0, 0, 0, 0, 0, 1),
(1067038, 2, 0, 8, 0, 0, 0, 0, 0, 1),
(1067039, 2, 0, 8, 0, 0, 0, 0, 0, 1),
(1067040, 0, 0, 8, 0, 0, 0, 0, 0, 1),
(1067041, 2, 0, 8, 0, 0, 0, 0, 0, 1),
(1067042, 1, 0, 8, 0, 0, 0, 0, 0, 1),
(1067046, 2, 0, 8, 0, 0, 0, 0, 0, 1),
(1067047, 1, 0, 8, 0, 0, 0, 0, 0, 1),
(1067048, 2, 0, 8, 0, 0, 0, 0, 0, 1),
(1067049, 1, 0, 8, 0, 0, 0, 0, 0, 1),
(1067051, 1, 0, 8, 0, 0, 0, 0, 0, 1),
(1067053, 1, 0, 8, 0, 0, 0, 0, 0, 1),
(1067058, 1, 0, 8, 0, 0, 0, 0, 0, 1),
(1067059, 2, 0, 8, 0, 0, 0, 0, 0, 1),
(1067060, 2, 0, 8, 0, 0, 0, 0, 0, 1),
(1067061, 1, 0, 8, 0, 0, 0, 0, 0, 1),
(1067064, 1, 0, 8, 0, 0, 0, 0, 0, 1),
(1067066, 0, 0, 8, 0, 0, 0, 0, 0, 1),
(1067067, 1, 0, 8, 0, 0, 0, 0, 0, 1),
(1067068, 2, 0, 8, 0, 0, 0, 0, 0, 1),
(1067069, 1, 0, 8, 0, 0, 0, 0, 0, 1),
(1067070, 2, 0, 8, 0, 0, 0, 0, 0, 1),
(1067071, 1, 0, 8, 0, 0, 0, 0, 0, 1),
(1067072, 2, 0, 8, 0, 0, 0, 0, 0, 1),
(1067074, 0, 0, 8, 0, 0, 0, 0, 0, 1),
(1067075, 0, 0, 8, 0, 0, 0, 0, 0, 1),
(1067076, 1, 0, 8, 0, 0, 0, 0, 0, 1),
(1067077, 1, 0, 8, 0, 0, 0, 0, 0, 1),
(1067078, 2, 0, 8, 0, 0, 0, 0, 0, 1),
(1067079, 2, 0, 8, 0, 0, 0, 0, 0, 1),
(1067080, 1, 0, 8, 0, 0, 0, 0, 0, 1),
(1067081, 0, 0, 8, 0, 0, 0, 0, 0, 1),
(1067084, 2, 0, 8, 0, 0, 0, 0, 0, 1),
(1067085, 1, 0, 8, 0, 0, 0, 0, 0, 1),
(1067086, 0, 0, 8, 0, 0, 0, 0, 0, 1),
(1067087, 2, 0, 8, 0, 0, 0, 0, 0, 1),
(1067088, 1, 0, 8, 0, 0, 0, 0, 0, 1),
(1067090, 2, 0, 8, 0, 0, 0, 0, 0, 1),
(1067091, 1, 0, 8, 0, 0, 0, 0, 0, 1),
(1067092, 2, 0, 8, 0, 0, 0, 0, 0, 1),
(1067093, 1, 0, 8, 0, 0, 0, 0, 0, 1),
(1067094, 0, 0, 8, 0, 0, 0, 0, 0, 1),
(1067095, 1, 0, 8, 0, 0, 0, 0, 0, 1),
(1067096, 2, 0, 8, 0, 0, 0, 0, 0, 1),
(1067097, 2, 0, 8, 0, 0, 0, 0, 0, 1),
(1067098, 1, 0, 8, 0, 0, 0, 0, 0, 1),
(1067099, 0, 0, 8, 0, 0, 0, 0, 0, 1),
(1067100, 0, 0, 8, 0, 0, 0, 0, 0, 1),
(1067101, 1, 0, 8, 0, 0, 0, 0, 0, 1),
(1067102, 1, 0, 8, 0, 0, 0, 0, 0, 1),
(1067103, 2, 0, 8, 0, 0, 0, 0, 0, 1),
(1067999, 2, 0, 8, 0, 0, 0, 0, 0, 1),
(1068003, 2, 0, 8, 0, 0, 0, 0, 0, 1),
(1068004, 2, 0, 8, 0, 0, 0, 0, 0, 1),
(1068005, 1, 0, 8, 0, 0, 0, 0, 0, 1),
(1068008, 2, 0, 8, 0, 0, 0, 0, 0, 1),
(1068009, 1, 0, 8, 0, 0, 0, 0, 0, 1),
(1068010, 2, 0, 8, 0, 0, 0, 0, 0, 1),
(1068011, 2, 0, 8, 0, 0, 0, 0, 0, 1),
(1068012, 1, 0, 8, 0, 0, 0, 0, 0, 1),
(1068013, 2, 0, 8, 0, 0, 0, 0, 0, 1),
(1068014, 1, 0, 8, 0, 0, 0, 0, 0, 1),
(1068015, 2, 0, 8, 0, 0, 0, 0, 0, 1),
(1068016, 1, 0, 8, 0, 0, 0, 0, 0, 1),
(1068017, 2, 0, 8, 0, 0, 0, 0, 0, 1),
(1068020, 1, 0, 8, 0, 0, 0, 0, 0, 1),
(1068027, 1, 0, 8, 0, 0, 0, 0, 0, 1),
(1068028, 2, 0, 8, 0, 0, 0, 0, 0, 1),
(1068029, 1, 0, 8, 0, 0, 0, 0, 0, 1),
(1068030, 2, 0, 8, 0, 0, 0, 0, 0, 1),
(1068031, 1, 0, 8, 0, 0, 0, 0, 0, 1),
(1068032, 2, 0, 8, 0, 0, 0, 0, 0, 1),
(1068033, 1, 0, 8, 0, 0, 0, 0, 0, 1),
(1068035, 1, 0, 8, 0, 0, 0, 0, 0, 1),
(1068037, 1, 0, 8, 0, 0, 0, 0, 0, 1),
(1068038, 2, 0, 8, 0, 0, 0, 0, 0, 1),
(1068040, 2, 0, 8, 0, 0, 0, 0, 0, 1),
(1068043, 1, 0, 8, 0, 0, 0, 0, 0, 1),
(1068044, 1, 0, 8, 0, 0, 0, 0, 0, 1),
(1068045, 2, 0, 8, 0, 0, 0, 0, 0, 1),
(1068047, 1, 0, 8, 0, 0, 0, 0, 0, 1),
(1068048, 2, 0, 8, 0, 0, 0, 0, 0, 1),
(1068049, 1, 0, 8, 0, 0, 0, 0, 0, 1),
(1068050, 2, 0, 8, 0, 0, 0, 0, 0, 1),
(1068051, 1, 0, 8, 0, 0, 0, 0, 0, 1),
(1068052, 1, 0, 8, 0, 0, 0, 0, 0, 1),
(1068053, 2, 0, 8, 0, 0, 0, 0, 0, 1),
(1068054, 0, 0, 8, 0, 0, 0, 0, 0, 1),
(1068055, 2, 0, 8, 0, 0, 0, 0, 0, 1),
(1068056, 1, 0, 8, 0, 0, 0, 0, 0, 1),
(1068057, 1, 0, 8, 0, 0, 0, 0, 0, 1),
(1068058, 2, 0, 8, 0, 0, 0, 0, 0, 1),
(1068059, 1, 0, 8, 0, 0, 0, 0, 0, 1),
(1068060, 2, 0, 8, 0, 0, 0, 0, 0, 1),
(1068061, 1, 0, 8, 0, 0, 0, 0, 0, 1),
(1068062, 2, 0, 8, 0, 0, 0, 0, 0, 1),
(1068063, 1, 0, 8, 0, 0, 0, 0, 0, 1),
(1068064, 2, 0, 8, 0, 0, 0, 0, 0, 1),
(1068065, 1, 0, 8, 0, 0, 0, 0, 0, 1),
(1068066, 2, 0, 8, 0, 0, 0, 0, 0, 1),
(1068067, 1, 0, 8, 0, 0, 0, 0, 0, 1),
(1068069, 1, 0, 8, 0, 0, 0, 0, 0, 1),
(1068070, 2, 0, 8, 0, 0, 0, 0, 0, 1),
(1068071, 1, 0, 8, 0, 0, 0, 0, 0, 1),
(1068074, 2, 0, 8, 0, 0, 0, 0, 0, 1),
(1068075, 1, 0, 8, 0, 0, 0, 0, 0, 1),
(1068079, 1, 0, 8, 0, 0, 0, 0, 0, 1),
(1068080, 2, 0, 8, 0, 0, 0, 0, 0, 1),
(1068081, 1, 0, 8, 0, 0, 0, 0, 0, 1),
(1068082, 2, 0, 8, 0, 0, 0, 0, 0, 1),
(1068083, 1, 0, 8, 0, 0, 0, 0, 0, 1),
(1068084, 2, 0, 8, 0, 0, 0, 0, 0, 1),
(1068085, 1, 0, 8, 0, 0, 0, 0, 0, 1),
(1068086, 2, 0, 8, 0, 0, 0, 0, 0, 1),
(1068087, 2, 0, 8, 0, 0, 0, 0, 0, 1),
(1068088, 1, 0, 8, 0, 0, 0, 0, 0, 1),
(1068089, 1, 0, 8, 0, 0, 0, 0, 0, 1),
(1068090, 2, 0, 8, 0, 0, 0, 0, 0, 1),
(1068091, 0, 0, 8, 0, 0, 0, 0, 0, 1),
(1068100, 1, 0, 8, 0, 0, 0, 0, 0, 1),
(1068101, 2, 0, 8, 0, 0, 0, 0, 0, 1),
(1068102, 1, 0, 8, 0, 0, 0, 0, 0, 1),
(1068103, 2, 0, 8, 0, 0, 0, 0, 0, 1),
(1068104, 1, 0, 8, 0, 0, 0, 0, 0, 1),
(1068105, 2, 0, 8, 0, 0, 0, 0, 0, 1),
(1068106, 1, 0, 8, 0, 0, 0, 0, 0, 1),
(1068107, 2, 0, 8, 0, 0, 0, 0, 0, 1),
(1068108, 1, 0, 8, 0, 0, 0, 0, 0, 1),
(1068109, 2, 0, 8, 0, 0, 0, 0, 0, 1),
(1068112, 1, 0, 8, 0, 0, 0, 0, 0, 1),
(1068113, 2, 0, 8, 0, 0, 0, 0, 0, 1),
(1068116, 1, 0, 8, 0, 0, 0, 0, 0, 1),
(1068118, 1, 0, 8, 0, 0, 0, 0, 0, 1),
(1068119, 2, 0, 8, 0, 0, 0, 0, 0, 1),
(1068124, 1, 0, 8, 0, 0, 0, 0, 0, 1),
(1068125, 2, 0, 8, 0, 0, 0, 0, 0, 1),
(1068132, 1, 0, 8, 0, 0, 0, 0, 0, 1),
(1068133, 2, 0, 8, 0, 0, 0, 0, 0, 1),
(1068134, 1, 0, 8, 0, 0, 0, 0, 0, 1),
(1068136, 1, 0, 8, 0, 0, 0, 0, 0, 1),
(1068137, 2, 0, 8, 0, 0, 0, 0, 0, 1),
(1068142, 1, 0, 8, 0, 0, 0, 0, 0, 1),
(1068143, 2, 0, 8, 0, 0, 0, 0, 0, 1),
(1068144, 1, 0, 8, 0, 0, 0, 0, 0, 1),
(1068149, 1, 0, 8, 0, 0, 0, 0, 0, 1),
(1068150, 2, 0, 8, 0, 0, 0, 0, 0, 1),
(1068162, 1, 0, 8, 0, 0, 0, 0, 0, 1),
(1068165, 2, 0, 8, 0, 0, 0, 0, 0, 1),
(1068170, 1, 0, 8, 0, 0, 0, 0, 0, 1),
(1068171, 2, 0, 8, 0, 0, 0, 0, 0, 1),
(1068173, 2, 0, 8, 0, 0, 0, 0, 0, 1),
(1068176, 1, 0, 8, 0, 0, 0, 0, 0, 1),
(1068177, 2, 0, 8, 0, 0, 0, 0, 0, 1),
(1068178, 1, 0, 8, 0, 0, 0, 0, 0, 1),
(1068179, 2, 0, 8, 0, 0, 0, 0, 0, 1),
(1068180, 1, 0, 8, 0, 0, 0, 0, 0, 1),
(1068181, 2, 0, 8, 0, 0, 0, 0, 0, 1),
(1068184, 1, 0, 8, 0, 0, 0, 0, 0, 1),
(1068185, 2, 0, 8, 0, 0, 0, 0, 0, 1),
(1068186, 1, 0, 8, 0, 0, 0, 0, 0, 1),
(1068187, 2, 0, 8, 0, 0, 0, 0, 0, 1),
(1068188, 1, 0, 8, 0, 0, 0, 0, 0, 1),
(1068189, 2, 0, 8, 0, 0, 0, 0, 0, 1),
(1068190, 1, 0, 8, 0, 0, 0, 0, 0, 1),
(1068192, 1, 0, 8, 0, 0, 0, 0, 0, 1),
(1068193, 2, 0, 8, 0, 0, 0, 0, 0, 1),
(1068194, 1, 0, 8, 0, 0, 0, 0, 0, 1),
(1068195, 2, 0, 8, 0, 0, 0, 0, 0, 1),
(1068196, 1, 0, 8, 0, 0, 0, 0, 0, 1),
(1068198, 2, 0, 8, 0, 0, 0, 0, 0, 1),
(1068199, 2, 0, 8, 0, 0, 0, 0, 0, 1),
(1068200, 1, 0, 8, 0, 0, 0, 0, 0, 1),
(1068201, 2, 0, 8, 0, 0, 0, 0, 0, 1),
(1068202, 1, 0, 8, 0, 0, 0, 0, 0, 1),
(1068203, 2, 0, 8, 0, 0, 0, 0, 0, 1),
(1068210, 1, 0, 8, 0, 0, 0, 0, 0, 1),
(1068211, 2, 0, 8, 0, 0, 0, 0, 0, 1),
(1068212, 1, 0, 8, 0, 0, 0, 0, 0, 1),
(1068214, 0, 0, 8, 0, 0, 0, 0, 0, 1),
(1068215, 0, 0, 8, 0, 0, 0, 0, 0, 1),
(1068216, 0, 0, 8, 0, 0, 0, 0, 0, 1),
(1068217, 0, 0, 8, 0, 0, 0, 0, 0, 1),
(1068218, 1, 0, 8, 0, 0, 0, 0, 0, 1),
(1068219, 2, 0, 8, 0, 0, 0, 0, 0, 1),
(1068220, 0, 0, 8, 0, 0, 0, 0, 0, 1),
(1068223, 1, 0, 8, 0, 0, 0, 0, 0, 1),
(1068224, 2, 0, 8, 0, 0, 0, 0, 0, 1),
(1068227, 1, 0, 8, 0, 0, 0, 0, 0, 1),
(1068228, 2, 0, 8, 0, 0, 0, 0, 0, 1),
(1068291, 2, 0, 8, 0, 0, 0, 0, 0, 1),
(1068292, 1, 0, 8, 0, 0, 0, 0, 0, 1),
(1068293, 1, 0, 8, 0, 0, 0, 0, 0, 1),
(1068294, 2, 0, 8, 0, 0, 0, 0, 0, 1),
(1068295, 2, 0, 8, 0, 0, 0, 0, 0, 1),
(1068296, 1, 0, 8, 0, 0, 0, 0, 0, 1),
(1068297, 2, 0, 8, 0, 0, 0, 0, 0, 1),
(1068298, 1, 0, 8, 0, 0, 0, 0, 0, 1),
(1068299, 2, 0, 8, 0, 0, 0, 0, 0, 1),
(1068300, 2, 0, 8, 0, 0, 0, 0, 0, 1),
(1068301, 1, 0, 8, 0, 0, 0, 0, 0, 1),
(1068302, 2, 0, 8, 0, 0, 0, 0, 0, 1),
(1068303, 1, 0, 8, 0, 0, 0, 0, 0, 1),
(2000000, 0, 1, 8, 0, 0, 0, 0, 0, 1),
(2000001, 0, 1, 8, 0, 0, 0, 0, 0, 1),
(2000002, 0, 1, 8, 0, 0, 0, 0, 0, 1),
(2000003, 0, 1, 8, 0, 0, 0, 0, 0, 1),
(2000004, 0, 1, 8, 0, 0, 0, 0, 0, 1),
(2000005, 0, 1, 8, 0, 0, 0, 0, 0, 1),
(2000006, 0, 1, 8, 0, 0, 0, 0, 0, 1),
(2000007, 0, 1, 8, 0, 0, 0, 0, 0, 1),
(2000008, 0, 1, 8, 0, 0, 0, 0, 0, 1),
(2000009, 0, 1, 8, 0, 0, 0, 0, 0, 1),
(2010000, 0, 2, 8, 0, 0, 0, 0, 0, 1),
(2010001, 0, 2, 8, 0, 0, 0, 0, 0, 1),
(2010002, 0, 2, 8, 0, 0, 0, 0, 0, 1),
(2010003, 0, 2, 8, 0, 0, 0, 0, 0, 1),
(2010004, 0, 2, 8, 0, 0, 0, 0, 0, 1),
(2010005, 0, 2, 8, 0, 0, 0, 0, 0, 1),
(2010006, 0, 2, 8, 0, 0, 0, 0, 0, 1),
(2020000, 0, 26, 8, 0, 0, 0, 0, 0, 1),
(2020001, 0, 26, 8, 0, 0, 0, 0, 0, 1),
(2020002, 0, 26, 8, 0, 0, 0, 0, 0, 1),
(2030000, 0, 26, 8, 0, 0, 0, 0, 0, 1),
(2040000, 0, 0, 8, 0, 0, 0, 0, 0, 1),
(2050000, 0, 0, 8, 0, 0, 0, 0, 0, 1),
(2050001, 0, 0, 8, 0, 0, 0, 0, 0, 1),
(2050002, 0, 0, 8, 0, 0, 0, 0, 0, 1),
(2050003, 0, 0, 8, 0, 0, 0, 0, 0, 1),
(2050004, 0, 0, 8, 0, 0, 0, 0, 0, 1),
(2050005, 0, 0, 8, 0, 0, 0, 0, 0, 1),
(2050006, 0, 0, 8, 0, 0, 0, 0, 0, 1),
(2050007, 0, 0, 8, 0, 0, 0, 0, 0, 1),
(2050008, 0, 0, 8, 0, 0, 0, 0, 0, 1),
(2050009, 0, 0, 8, 0, 0, 0, 0, 0, 1),
(2050010, 0, 0, 8, 0, 0, 0, 0, 0, 1),
(2060000, 0, 0, 8, 0, 0, 0, 0, 0, 1),
(2060001, 0, 0, 8, 0, 0, 0, 0, 0, 1),
(2061000, 0, 0, 8, 0, 0, 0, 0, 0, 1),
(2061001, 0, 0, 8, 0, 0, 0, 0, 0, 1),
(2061002, 0, 0, 8, 0, 0, 0, 0, 0, 1),
(2070000, 0, 3, 8, 0, 0, 0, 0, 0, 1),
(2070001, 0, 3, 8, 0, 0, 0, 0, 0, 1),
(2070002, 0, 3, 8, 0, 0, 0, 0, 0, 1),
(2070003, 0, 3, 8, 0, 0, 0, 0, 0, 1),
(2070004, 0, 3, 8, 0, 0, 0, 0, 0, 1),
(2080000, 0, 4, 8, 0, 0, 0, 0, 0, 1),
(2080001, 0, 4, 8, 0, 0, 0, 0, 0, 1),
(2080002, 0, 4, 8, 0, 0, 0, 0, 0, 1),
(2080003, 0, 4, 8, 0, 0, 0, 0, 0, 1),
(2090000, 0, 25, 8, 0, 0, 0, 0, 0, 1),
(2090001, 0, 25, 8, 0, 0, 0, 0, 0, 1),
(2090002, 0, 25, 8, 0, 0, 0, 0, 0, 1),
(2091000, 0, 0, 8, 0, 0, 0, 0, 0, 1),
(2091001, 0, 0, 8, 0, 0, 0, 0, 0, 1),
(2091002, 0, 0, 8, 0, 0, 0, 0, 0, 1),
(2100000, 0, 0, 8, 0, 0, 0, 0, 0, 1),
(2100001, 0, 0, 8, 0, 0, 0, 0, 0, 1),
(2100002, 0, 0, 8, 0, 0, 0, 0, 0, 1),
(2100003, 0, 0, 8, 0, 0, 0, 0, 0, 1),
(2110000, 0, 0, 8, 0, 0, 0, 0, 0, 1),
(2110001, 0, 0, 8, 0, 0, 0, 0, 0, 1),
(2110002, 0, 0, 8, 0, 0, 0, 0, 0, 1),
(2120000, 0, 0, 8, 0, 0, 0, 0, 0, 1),
(2120001, 0, 0, 8, 0, 0, 0, 0, 0, 1),
(2130000, 0, 0, 8, 0, 0, 0, 0, 0, 1),
(2140000, 0, 0, 8, 0, 0, 0, 0, 0, 1),
(2140001, 0, 0, 8, 0, 0, 0, 0, 0, 1),
(2150000, 0, 0, 8, 0, 0, 0, 0, 0, 1),
(2160000, 0, 5, 8, 0, 0, 0, 0, 0, 1),
(2160001, 0, 5, 8, 0, 0, 0, 0, 0, 1),
(2170000, 0, 27, 8, 0, 0, 0, 0, 0, 1),
(2170001, 0, 27, 8, 0, 0, 0, 0, 0, 1),
(2180000, 0, 6, 8, 0, 0, 0, 0, 0, 1),
(2180001, 0, 6, 8, 0, 0, 0, 0, 0, 1),
(2190000, 0, 7, 8, 0, 0, 0, 0, 0, 1),
(2190001, 0, 7, 8, 0, 0, 0, 0, 0, 1),
(2200000, 0, 8, 8, 0, 0, 0, 0, 0, 1),
(2200001, 0, 8, 8, 0, 0, 0, 0, 0, 1),
(2210000, 0, 9, 8, 0, 0, 0, 0, 0, 1),
(2210001, 0, 28, 8, 0, 0, 0, 0, 0, 1),
(2210002, 0, 28, 8, 0, 0, 0, 0, 0, 1),
(2220000, 0, 10, 8, 0, 0, 0, 0, 0, 1),
(2220001, 0, 0, 8, 0, 0, 0, 0, 0, 1),
(2221000, 0, 10, 8, 0, 0, 0, 0, 0, 1),
(2230000, 0, 11, 8, 0, 0, 0, 0, 0, 1),
(2230001, 0, 11, 8, 0, 0, 0, 0, 0, 1),
(2240000, 0, 12, 8, 0, 0, 0, 0, 0, 1),
(2240001, 0, 12, 8, 0, 0, 0, 0, 0, 1),
(3000000, 0, 0, 8, 0, 0, 0, 0, 0, 1),
(3000001, 0, 0, 8, 0, 0, 0, 0, 0, 1),
(3000002, 0, 0, 8, 0, 0, 0, 0, 0, 1),
(3000003, 0, 0, 8, 0, 0, 0, 0, 0, 1),
(3000004, 0, 0, 8, 0, 0, 0, 0, 0, 1),
(3000005, 0, 20, 8, 0, 0, 0, 0, 0, 1),
(3000006, 0, 20, 8, 0, 0, 0, 0, 0, 1),
(3010001, 0, 13, 8, 0, 0, 0, 0, 0, 1),
(3020001, 0, 14, 8, 0, 0, 0, 0, 0, 1),
(3030001, 0, 15, 8, 0, 0, 0, 0, 0, 1),
(3040001, 0, 16, 8, 0, 0, 0, 0, 0, 1),
(3050001, 0, 17, 8, 0, 0, 0, 0, 0, 1),
(3060001, 0, 18, 8, 0, 0, 0, 0, 0, 1),
(3070001, 0, 19, 8, 0, 0, 0, 0, 0, 1),
(3080001, 0, 20, 8, 0, 0, 0, 0, 0, 1);

-- --------------------------------------------------------

--
-- Tabellenstruktur für Tabelle `shop_prices`
--

CREATE TABLE IF NOT EXISTS `shop_prices` (
  `Id` int(11) NOT NULL AUTO_INCREMENT,
  `PriceGroupId` int(11) NOT NULL,
  `PeriodType` tinyint(3) unsigned NOT NULL DEFAULT '0',
  `Period` int(11) NOT NULL DEFAULT '0',
  `Price` int(11) NOT NULL DEFAULT '0',
  `IsRefundable` tinyint(3) unsigned NOT NULL DEFAULT '0',
  `Durability` int(11) NOT NULL DEFAULT '0',
  `IsEnabled` tinyint(3) unsigned NOT NULL DEFAULT '0',
  PRIMARY KEY (`Id`),
  KEY `PriceGroupId` (`PriceGroupId`)
) ENGINE=InnoDB  DEFAULT CHARSET=latin1 AUTO_INCREMENT=3 ;

--
-- Daten für Tabelle `shop_prices`
--

INSERT INTO `shop_prices` (`Id`, `PriceGroupId`, `PeriodType`, `Period`, `Price`, `IsRefundable`, `Durability`, `IsEnabled`) VALUES
(1, 1, 1, 0, 0, 0, 1000000, 1),
(2, 2, 1, 0, 0, 0, 1000000, 1);

-- --------------------------------------------------------

--
-- Tabellenstruktur für Tabelle `shop_price_groups`
--

CREATE TABLE IF NOT EXISTS `shop_price_groups` (
  `Id` int(11) NOT NULL AUTO_INCREMENT,
  `Name` varchar(20) DEFAULT '',
  `PriceType` tinyint(3) unsigned NOT NULL DEFAULT '0',
  PRIMARY KEY (`Id`)
) ENGINE=InnoDB  DEFAULT CHARSET=latin1 AUTO_INCREMENT=3 ;

--
-- Daten für Tabelle `shop_price_groups`
--

INSERT INTO `shop_price_groups` (`Id`, `Name`, `PriceType`) VALUES
(1, 'PEN', 3),
(2, 'PEN', 1);

-- --------------------------------------------------------

--
-- Tabellenstruktur für Tabelle `shop_version`
--

CREATE TABLE IF NOT EXISTS `shop_version` (
  `Id` int(11) NOT NULL AUTO_INCREMENT,
  `Version` varchar(40) NOT NULL DEFAULT '',
  PRIMARY KEY (`Id`)
) ENGINE=InnoDB  DEFAULT CHARSET=latin1 AUTO_INCREMENT=2 ;

--
-- Daten für Tabelle `shop_version`
--

INSERT INTO `shop_version` (`Id`, `Version`) VALUES
(1, '20180102212401');

-- --------------------------------------------------------

--
-- Tabellenstruktur für Tabelle `start_items`
--

CREATE TABLE IF NOT EXISTS `start_items` (
  `Id` int(11) NOT NULL AUTO_INCREMENT,
  `ShopItemInfoId` int(11) NOT NULL,
  `ShopPriceId` int(11) NOT NULL,
  `ShopEffectId` int(11) NOT NULL,
  `Color` tinyint(3) unsigned NOT NULL DEFAULT '0',
  `Count` int(11) NOT NULL DEFAULT '0',
  `RequiredSecurityLevel` tinyint(3) unsigned NOT NULL DEFAULT '0',
  PRIMARY KEY (`Id`),
  KEY `ShopItemInfoId` (`ShopItemInfoId`),
  KEY `ShopPriceId` (`ShopPriceId`),
  KEY `ShopEffectId` (`ShopEffectId`)
) ENGINE=InnoDB DEFAULT CHARSET=latin1 AUTO_INCREMENT=1 ;

-- --------------------------------------------------------

--
-- Tabellenstruktur für Tabelle `__version`
--

CREATE TABLE IF NOT EXISTS `__version` (
  `Id` int(11) NOT NULL AUTO_INCREMENT,
  `Version` bigint(20) NOT NULL,
  `AppliedOn` datetime NOT NULL,
  `Description` text NOT NULL,
  PRIMARY KEY (`Id`)
) ENGINE=InnoDB  DEFAULT CHARSET=latin1 AUTO_INCREMENT=2 ;

--
-- Daten für Tabelle `__version`
--

INSERT INTO `__version` (`Id`, `Version`, `AppliedOn`, `Description`) VALUES
(1, 1, '2018-01-02 20:49:53', 'Base');

--
-- Constraints der exportierten Tabellen
--

--
-- Constraints der Tabelle `license_rewards`
--
ALTER TABLE `license_rewards`
  ADD CONSTRAINT `license_rewards_ibfk_1` FOREIGN KEY (`ShopItemInfoId`) REFERENCES `shop_iteminfos` (`Id`) ON DELETE CASCADE,
  ADD CONSTRAINT `license_rewards_ibfk_2` FOREIGN KEY (`ShopPriceId`) REFERENCES `shop_prices` (`Id`) ON DELETE CASCADE;

--
-- Constraints der Tabelle `player_characters`
--
ALTER TABLE `player_characters`
  ADD CONSTRAINT `player_characters_ibfk_1` FOREIGN KEY (`PlayerId`) REFERENCES `players` (`Id`) ON DELETE CASCADE,
  ADD CONSTRAINT `player_characters_ibfk_10` FOREIGN KEY (`GlovesId`) REFERENCES `player_items` (`Id`) ON DELETE SET NULL,
  ADD CONSTRAINT `player_characters_ibfk_11` FOREIGN KEY (`ShoesId`) REFERENCES `player_items` (`Id`) ON DELETE SET NULL,
  ADD CONSTRAINT `player_characters_ibfk_12` FOREIGN KEY (`AccessoryId`) REFERENCES `player_items` (`Id`) ON DELETE SET NULL,
  ADD CONSTRAINT `player_characters_ibfk_2` FOREIGN KEY (`Weapon1Id`) REFERENCES `player_items` (`Id`) ON DELETE SET NULL,
  ADD CONSTRAINT `player_characters_ibfk_3` FOREIGN KEY (`Weapon2Id`) REFERENCES `player_items` (`Id`) ON DELETE SET NULL,
  ADD CONSTRAINT `player_characters_ibfk_4` FOREIGN KEY (`Weapon3Id`) REFERENCES `player_items` (`Id`) ON DELETE SET NULL,
  ADD CONSTRAINT `player_characters_ibfk_5` FOREIGN KEY (`SkillId`) REFERENCES `player_items` (`Id`) ON DELETE SET NULL,
  ADD CONSTRAINT `player_characters_ibfk_6` FOREIGN KEY (`HairId`) REFERENCES `player_items` (`Id`) ON DELETE SET NULL,
  ADD CONSTRAINT `player_characters_ibfk_7` FOREIGN KEY (`FaceId`) REFERENCES `player_items` (`Id`) ON DELETE SET NULL,
  ADD CONSTRAINT `player_characters_ibfk_8` FOREIGN KEY (`ShirtId`) REFERENCES `player_items` (`Id`) ON DELETE SET NULL,
  ADD CONSTRAINT `player_characters_ibfk_9` FOREIGN KEY (`PantsId`) REFERENCES `player_items` (`Id`) ON DELETE SET NULL;

--
-- Constraints der Tabelle `player_deny`
--
ALTER TABLE `player_deny`
  ADD CONSTRAINT `player_deny_ibfk_1` FOREIGN KEY (`PlayerId`) REFERENCES `players` (`Id`) ON DELETE CASCADE,
  ADD CONSTRAINT `player_deny_ibfk_2` FOREIGN KEY (`DenyPlayerId`) REFERENCES `players` (`Id`) ON DELETE CASCADE;

--
-- Constraints der Tabelle `player_items`
--
ALTER TABLE `player_items`
  ADD CONSTRAINT `player_items_ibfk_1` FOREIGN KEY (`PlayerId`) REFERENCES `players` (`Id`) ON DELETE CASCADE,
  ADD CONSTRAINT `player_items_ibfk_2` FOREIGN KEY (`ShopItemInfoId`) REFERENCES `shop_iteminfos` (`Id`) ON DELETE CASCADE,
  ADD CONSTRAINT `player_items_ibfk_3` FOREIGN KEY (`ShopPriceId`) REFERENCES `shop_prices` (`Id`) ON DELETE CASCADE;

--
-- Constraints der Tabelle `player_licenses`
--
ALTER TABLE `player_licenses`
  ADD CONSTRAINT `player_licenses_ibfk_1` FOREIGN KEY (`PlayerId`) REFERENCES `players` (`Id`) ON DELETE CASCADE;

--
-- Constraints der Tabelle `player_mails`
--
ALTER TABLE `player_mails`
  ADD CONSTRAINT `player_mails_ibfk_1` FOREIGN KEY (`PlayerId`) REFERENCES `players` (`Id`) ON DELETE CASCADE,
  ADD CONSTRAINT `player_mails_ibfk_2` FOREIGN KEY (`SenderPlayerId`) REFERENCES `players` (`Id`) ON DELETE CASCADE;

--
-- Constraints der Tabelle `player_settings`
--
ALTER TABLE `player_settings`
  ADD CONSTRAINT `player_settings_ibfk_1` FOREIGN KEY (`PlayerId`) REFERENCES `players` (`Id`) ON DELETE CASCADE;

--
-- Constraints der Tabelle `shop_effects`
--
ALTER TABLE `shop_effects`
  ADD CONSTRAINT `shop_effects_ibfk_1` FOREIGN KEY (`EffectGroupId`) REFERENCES `shop_effect_groups` (`Id`) ON DELETE CASCADE;

--
-- Constraints der Tabelle `shop_iteminfos`
--
ALTER TABLE `shop_iteminfos`
  ADD CONSTRAINT `shop_iteminfos_ibfk_2` FOREIGN KEY (`PriceGroupId`) REFERENCES `shop_price_groups` (`Id`) ON DELETE CASCADE,
  ADD CONSTRAINT `shop_iteminfos_ibfk_3` FOREIGN KEY (`EffectGroupId`) REFERENCES `shop_effect_groups` (`Id`) ON DELETE CASCADE,
  ADD CONSTRAINT `shop_iteminfos_ibfk_4` FOREIGN KEY (`ShopItemId`) REFERENCES `shop_items` (`Id`) ON DELETE CASCADE;

--
-- Constraints der Tabelle `shop_prices`
--
ALTER TABLE `shop_prices`
  ADD CONSTRAINT `shop_prices_ibfk_1` FOREIGN KEY (`PriceGroupId`) REFERENCES `shop_price_groups` (`Id`) ON DELETE CASCADE;

--
-- Constraints der Tabelle `start_items`
--
ALTER TABLE `start_items`
  ADD CONSTRAINT `start_items_ibfk_1` FOREIGN KEY (`ShopItemInfoId`) REFERENCES `shop_iteminfos` (`Id`) ON DELETE CASCADE,
  ADD CONSTRAINT `start_items_ibfk_2` FOREIGN KEY (`ShopPriceId`) REFERENCES `shop_prices` (`Id`) ON DELETE CASCADE,
  ADD CONSTRAINT `start_items_ibfk_3` FOREIGN KEY (`ShopEffectId`) REFERENCES `shop_effects` (`Id`) ON DELETE CASCADE;

/*!40101 SET CHARACTER_SET_CLIENT=@OLD_CHARACTER_SET_CLIENT */;
/*!40101 SET CHARACTER_SET_RESULTS=@OLD_CHARACTER_SET_RESULTS */;
/*!40101 SET COLLATION_CONNECTION=@OLD_COLLATION_CONNECTION */;
